Workbook

Sheet Сountries
A1: # | B1: region | C1: subregion | D1: 3-ISO | E1: 2-ISO | F1: calling code | G1: flag | H1: country_name | I1: capital | J1: population 2025 | K1: world share | L1: land area (Km²) | M1: density (P/Km²) | N1: GDP (nominal, 2023) | O1: GDP per capita 2023 | P1: Share of World GDP 2023 | Q1: GDP (nominal, 2024 million USD) | R1: Yearly Water Used (m³, thousand of litres) | S1: Daily Water Used Per Capita (litres) | V1: country_name | W1: region | X1: subregion | Y1: 2-ISO | Z1: flag
A2: 1 | B2: Asia | C2: Southern Asia | D2: IND | E2: IN | F2: 91 | G2: 🇮🇳 | H2: India | I2: New Delhi | J2: 1463865525 | K2: 0.1778 | L2: 2973190 | M2: 492 | N2: 3567550000000 | O2: 2481 | P2: 0.0336 | Q2: 3912686 | R2: 761000000000 | S2: 1677 | V2: India | W2: Asia | X2: Southern Asia | Y2: IN | Z2: 🇮🇳
A3: 2 | B3: Asia | C3: Eastern Asia | D3: CHN | E3: CN | F3: 86 | G3: 🇨🇳 | H3: China | I3: Beijing | J3: 1416096094 | K3: 0.172 | L3: 9388211 | M3: 151 | N3: 17794800000000 | O3: 12509 | P3: 0.1676 | Q3: 18743803 | R3: 598100000000 | S3: 1174 | V3: China | W3: Asia | X3: Eastern Asia | Y3: CN | Z3: 🇨🇳
A4: 3 | B4: America | C4: Northern America | D4: USA | E4: US | F4: 1 | G4: 🇺🇸 | H4: United States | I4: Washington D.C. | J4: 347275807 | K4: 0.0422 | L4: 9147420 | M4: 38 | N4: 27720700000000 | O4: 80706 | P4: 0.2611 | Q4: 29184890 | R4: 444300000000 | S4: 3732 | V4: United States | W4: America | X4: Northern America | Y4: US | Z4: 🇺🇸
A5: 4 | B5: Asia | C5: South-Eastern Asia | D5: IDN | E5: ID | F5: 62 | G5: 🇮🇩 | H5: Indonesia | I5: Jakarta[9] | J5: 285721236 | K5: 0.0347 | L5: 1811570 | M5: 158 | N5: 1371170000000 | O5: 4876 | P5: 0.0129 | Q5: 1396300 | R5: 222600000000 | S5: 2305 | V5: Indonesia | W5: Asia | X5: South-Eastern Asia | Y5: ID | Z5: 🇮🇩
A6: 5 | B6: Asia | C6: Southern Asia | D6: PAK | E6: PK | F6: 92 | G6: 🇵🇰 | H6: Pakistan | I6: Islamabad | J6: 255219554 | K6: 0.031 | L6: 770880 | M6: 331 | N6: 337912000000 | O6: 1365 | P6: 0.0032 | Q6: 2024 | R6: 183500000000 | S6: 2653 | V6: Pakistan | W6: Asia | X6: Southern Asia | Y6: PK | Z6: 🇵🇰
A7: 6 | B7: Africa | C7: Western Africa | D7: NGA | E7: NG | F7: 234 | G7: 🇳🇬 | H7: Nigeria | I7: Abuja | J7: 237527782 | K7: 0.0289 | L7: 910770 | M7: 261 | N7: 363846000000 | O7: 1597 | P7: 0.0034 | Q7: 187760 | R7: 12470000000 | S7: 205 | V7: Nigeria | W7: Africa | X7: Western Africa | Y7: NG | Z7: 🇳🇬
A8: 7 | B8: America | C8: South America | D8: BRA | E8: BR | F8: 55 | G8: 🇧🇷 | H8: Brazil | I8: Brasilia | J8: 212812405 | K8: 0.0259 | L8: 8358140 | M8: 25 | N8: 2173670000000 | O8: 10295 | P8: 0.0205 | Q8: 2179412 | R8: 63500000000 | S8: 856 | V8: Brazil | W8: America | X8: South America | Y8: BR | Z8: 🇧🇷
A9: 8 | B9: Asia | C9: Southern Asia | D9: BGD | E9: BD | F9: 880 | G9: 🇧🇩 | H9: Bangladesh | I9: Dhaka | J9: 175686899 | K9: 0.0213 | L9: 130170 | M9: 1350 | N9: 437415000000 | O9: 2551 | P9: 0.0041 | Q9: 450119 | R9: 35870000000 | S9: 657 | V9: Bangladesh | W9: Asia | X9: Southern Asia | Y9: BD | Z9: 🇧🇩
A10: 9 | B10: Europe | C10: Eastern Europe | D10: RUS | E10: RU | F10: 7 | G10: 🇷🇺 | H10: Russian Federation | I10: Moscow | J10: 143997393 | K10: 0.0175 | L10: 16376870 | M10: 9 | N10: 2021420000000 | O10: 13899 | P10: 0.019 | Q10: 2173836 | R10: 69500000000 | S10: 1306 | V10: Russian Federation | W10: Europe | X10: Eastern Europe | Y10: RU | Z10: 🇷🇺
A11: 10 | B11: Africa | C11: Eastern Africa | D11: ETH | E11: ET | F11: 251 | G11: 🇪🇹 | H11: Ethiopia | I11: Addis Ababa | J11: 135472051 | K11: 0.0165 | L11: 1000000 | M11: 135 | N11: 163698000000 | O11: 1272 | P11: 0.0015 | Q11: 163698 | R11: 10550000000 | S11: 271 | V11: Ethiopia | W11: Africa | X11: Eastern Africa | Y11: ET | Z11: 🇪🇹
A12: 11 | B12: America | C12: Central America | D12: MEX | E12: MX | F12: 52 | G12: 🇲🇽 | H12: Mexico | I12: Mexico City | J12: 131946900 | K12: 0.016 | L12: 1943950 | M12: 68 | N12: 1789110000000 | O12: 13790 | P12: 0.0169 | Q12: 1852723 | R12: 86580000000 | S12: 1940 | V12: Mexico | W12: America | X12: Central America | Y12: MX | Z12: 🇲🇽
A13: 12 | B13: Asia | C13: Eastern Asia | D13: JPN | E13: JP | F13: 81 | G13: 🇯🇵 | H13: Japan | I13: Tokyo | J13: 123103479 | K13: 0.015 | L13: 364555 | M13: 338 | N13: 4204490000000 | O13: 33806 | P13: 0.0396 | Q13: 4026211 | R13: 81450000000 | S13: 1741 | V13: Japan | W13: Asia | X13: Eastern Asia | Y13: JP | Z13: 🇯🇵
... A37: 36 | B37: Asia | C37: Southern Asia | D37: AFG | E37: AF | F37: 93 | G37: 🇦🇫 | H37: Afghanistan | I37: Kabul | J37: 43844111 | K37: 0.0053 | L37: 652860 | M37: 67 | N37: 17233051620 | O37: 416 | P37: 0.00016 | Q37: 2023 | R37: 20280000000 | S37: 2760 | V37: Afghanistan | W37: Asia | X37: Southern Asia | Y37: AF | Z37: 🇦🇫
A38: 37 | B38: Asia | C38: Western Asia | D38: YEM | E38: YE | F38: 967 | G38: 🇾🇪 | H38: Yemen | I38: Sana'a | J38: 41773878 | K38: 0.0051 | L38: 527970 | M38: 79 | N38: #N/A | O38: #N/A | P38: #N/A | Q38: — | R38: 3565000000 | S38: 429 | V38: Yemen | W38: Asia | X38: Western Asia | Y38: YE | Z38: 🇾🇪
A39: 38 | B39: America | C39: Northern America | D39: CAN | E39: CA | F39: 1 | G39: 🇨🇦 | H39: Canada | I39: Ottawa | J39: 40126723 | K39: 0.0049 | L39: 9093510 | M39: 4 | N39: 2142470000000 | O39: 54517 | P39: 0.0202 | Q39: 2241253 | R39: 35730000000 | S39: 2722 | V39: Canada | W39: America | X39: Northern America | Y39: CA | Z39: 🇨🇦
A40: 39 | B40: Africa | C40: Middle Africa | D40: AGO | E40: AO | F40: 244 | G40: 🇦🇴 | H40: Angola | I40: Luanda | J40: 39040039 | K40: 0.0047 | L40: 1246700 | M40: 31 | N40: 84824654482 | O40: 2308 | P40: 0.0008 | Q40: 80397 | R40: 705800000 | S40: 100 | V40: Angola | W40: Africa | X40: Middle Africa | Y40: AO | Z40: 🇦🇴
A41: 40 | B41: Europe | C41: Eastern Europe | D41: UKR | E41: UA | F41: 380 | G41: 🇺🇦 | H41: Ukraine | I41: Kyiv | J41: 38980376 | K41: 0.0047 | L41: 579320 | M41: 67 | N41: 178757000000 | O41: 4737 | P41: 0.0017 | Q41: 190741 | R41: 9862000000 | S41: 592 | V41: Ukraine | W41: Europe | X41: Eastern Europe | Y41: UA | Z41: 🇺🇦
A42: 41 | B42: Africa | C42: Northern Africa | D42: MAR | E42: MA | F42: 212 | G42: 🇲🇦 | H42: Morocco | I42: Rabat | J42: 38430770 | K42: 0.0047 | L42: 446300 | M42: 86 | N42: 144417000000 | O42: 3829 | P42: 0.0014 | Q42: 154431 | R42: 10430000000 | S42: 880 | V42: Morocco | W42: Africa | X42: Northern Africa | Y42: MA | Z42: 🇲🇦
A43: 42 | B43: Europe | C43: Eastern Europe | D43: POL | E43: PL | F43: 48 | G43: 🇵🇱 | H43: Poland | I43: Warsaw | J43: 38140910 | K43: 0.0046 | L43: 306230 | M43: 125 | N43: 809201000000 | O43: 20876 | P43: 0.0076 | Q43: 914696 | R43: 10580000000 | S43: 758 | V43: Poland | W43: Europe | X43: Eastern Europe | Y43: PL | Z43: 🇵🇱
A44: 43 | B44: Asia | C44: Central Asia | D44: UZB | E44: UZ | F44: 998 | G44: 🇺🇿 | H44: Uzbekistan | I44: Tashkent | J44: 37053428 | K44: 0.0045 | L44: 425400 | M44: 87 | N44: 101592000000 | O44: 2850 | P44: 0.00096 | Q44: 114965 | R44: 54560000000 | S44: 4778 | V44: Uzbekistan | W44: Asia | X44: Central Asia | Y44: UZ | Z44: 🇺🇿
A45: 44 | B45: Asia | C45: South-Eastern Asia | D45: MYS | E45: MY | F45: 60 | G45: 🇲🇾 | H45: Malaysia | I45: Kuala Lumpur | J45: 35977838 | K45: 0.0044 | L45: 328550 | M45: 110 | N45: 399705000000 | O45: 11379 | P45: 0.0038 | Q45: 421972 | R45: 11200000000 | S45: 1188 | V45: Malaysia | W45: Asia | X45: South-Eastern Asia | Y45: MY | Z45: 🇲🇾
A46: 45 | B46: Africa | C46: Eastern Africa | D46: MOZ | E46: MZ | F46: 258 | G46: 🇲🇿 | H46: Mozambique | I46: Maputo | J46: 35631653 | K46: 0.0043 | L46: 786380 | M46: 45 | N46: 20954220984 | O46: 623 | P46: 0.0002 | Q46: 22417 | R46: 1473000000 | S46: 152 | V46: Mozambique | W46: Africa | X46: Eastern Africa | Y46: MZ | Z46: 🇲🇿
A47: 46 | B47: Africa | C47: Western Africa | D47: GHA | E47: GH | F47: 233 | G47: 🇬🇭 | H47: Ghana | I47: Accra | J47: 35064272 | K47: 0.0043 | L47: 227540 | M47: 154 | N47: 76370396722 | O47: 2260 | P47: 0.00072 | Q47: 82825 | R47: 982000000 | S47: 137 | V47: Ghana | W47: Africa | X47: Western Africa | Y47: GH | Z47: 🇬🇭
A48: 47 | B48: America | C48: South America | D48: PER | E48: PE | F48: 51 | G48: 🇵🇪 | H48: Peru | I48: Lima | J48: 34576665 | K48: 0.0042 | L48: 1280000 | M48: 27 | N48: 267603000000 | O48: 7907 | P48: 0.0025 | Q48: 289222 | R48: 13660000000 | S48: 1303 | V48: Peru | W48: America | X48: South America | Y48: PE | Z48: 🇵🇪
A49: 48 | B49: Asia | C49: Western Asia | D49: SAU | E49: SA | F49: 966 | G49: 🇸🇦 | H49: Saudi Arabia | I49: Riyadh | J49: 34566328 | K49: 0.0042 | L49: 2149690 | M49: 16 | N49: 1067580000000 | O49: 32094 | P49: 0.0101 | Q49: 1237530 | R49: 23350000000 | S49: 2078 | V49: Saudi Arabia | W49: Asia | X49: Western Asia | Y49: SA | Z49: 🇸🇦
A50: 49 | B50: Africa | C50: Eastern Africa | D50: MDG | E50: MG | F50: 261 | G50: 🇲🇬 | H50: Madagascar | I50: Antananarivo | J50: 32740678 | K50: 0.004 | L50: 581795 | M50: 56 | N50: 15790113247 | O50: 506 | P50: 0.00015 | Q50: 17421 | R50: 13560000000 | S50: 1883 | V50: Madagascar | W50: Africa | X50: Eastern Africa | Y50: MG | Z50: 🇲🇬
... A53: 52 | B53: Asia | C53: Southern Asia | D53: NPL | E53: NP | F53: 977 | G53: 🇳🇵 | H53: Nepal | I53: Kathmandu | J53: 29618118 | K53: 0.0036 | L53: 143350 | M53: 207 | N53: 40908073367 | O53: 1378 | P53: 0.00039 | Q53: 42914 | R53: 9497000000 | S53: 979 | V53: Nepal | W53: Asia | X53: Southern Asia | Y53: NP | Z53: 🇳🇵
A54: 53 | B54: America | C54: South America | D54: VEN | E54: VE | F54: 58 | G54: 🇻🇪 | H54: Venezuela | I54: Caracas | J54: 28516896 | K54: 0.0035 | L54: 882050 | M54: 32 | N54: #N/A | O54: #N/A | P54: #N/A | Q54: — | R54: 22630000000 | S54: 2242 | V54: Venezuela | W54: America | X54: South America | Y54: VE | Z54: 🇻🇪
A55: 54 | B55: Africa | C55: Western Africa | D55: NER | E55: NE | F55: 227 | G55: 🇳🇪 | H55: Niger | I55: Niamey | J55: 27917831 | K55: 0.0034 | L55: 1266700 | M55: 22 | N55: 16819170421 | O55: 643 | P55: 0.00016 | Q55: 19538 | R55: 1747000000 | S55: 231 | V55: Niger | W55: Africa | X55: Western Africa | Y55: NE | Z55: 🇳🇪
A56: 55 | B56: Australia and New Zealand | C56: Australia and New Zealand | D56: AUS | E56: AU | F56: 61 | G56: 🇦🇺 | H56: Australia | I56: Canberra | J56: 26974026 | K56: 0.0033 | L56: 7682300 | M56: 4 | N56: 1728060000000 | O56: 65330 | P56: 0.0163 | Q56: 1752193 | R56: 16130000000 | S56: 1816 | V56: Australia | W56: Australia and New Zealand | X56: Australia and New Zealand | Y56: AU | Z56: 🇦🇺
A57: 56 | B57: Asia | C57: Eastern Asia | D57: PRK | E57: KP | F57: 850 | G57: 🇰🇵 | H57: North Korea | I57: Pyongyang | J57: 26571036 | K57: 0.0032 | L57: 120410 | M57: 221 | N57: #N/A | O57: #N/A | P57: #N/A | Q57: 16447 | R57: 8658000000 | S57: 972 | V57: North Korea | W57: Asia | X57: Eastern Asia | Y57: KP | Z57: 🇰🇵
A58: 57 | B58: Asia | C58: Western Asia | D58: SYR | E58: SY | F58: 963 | G58: 🇸🇾 | H58: Syria | I58: Damascus | J58: 25620427 | K58: 0.0031 | L58: 183630 | M58: 140 | N58: #N/A | O58: #N/A | P58: #N/A | Q58: 2023 | R58: 16760000000 | S58: 2441 | V58: Syria | W58: Asia | X58: Western Asia | Y58: SY | Z58: 🇸🇾
A59: 58 | B59: Africa | C59: Western Africa | D59: MLI | E59: ML | F59: 223 | G59: 🇲🇱 | H59: Mali | I59: Bamako | J59: 25198821 | K59: 0.0031 | L59: 1220190 | M59: 21 | N59: 20661794596 | O59: 869 | P59: 0.00019 | Q59: 26588 | R59: 5186000000 | S59: 1016 | V59: Mali | W59: Africa | X59: Western Africa | Y59: ML | Z59: 🇲🇱
A60: 59 | B60: Africa | C60: Western Africa | D60: BFA | E60: BF | F60: 226 | G60: 🇧🇫 | H60: Burkina Faso | I60: Ouagadougou | J60: 24074580 | K60: 0.0029 | L60: 273600 | M60: 88 | N60: 20324617845 | O60: 883 | P60: 0.00019 | Q60: 23250 | R60: 818000000 | S60: 161 | V60: Burkina Faso | W60: Africa | X60: Western Africa | Y60: BF | Z60: 🇧🇫
A61: 60 | B61: Asia | C61: Southern Asia | D61: LKA | E61: LK | F61: 94 | G61: 🇱🇰 | H61: Sri Lanka | I61: Sri Jayawardenapura Kotte | J61: 23229470 | K61: 0.0028 | L61: 62710 | M61: 370 | N61: 84356863744 | O61: 3672 | P61: 0.00079 | Q61: 2024 | R61: 12950000000 | S61: 1755 | V61: Sri Lanka | W61: Asia | X61: Southern Asia | Y61: LK | Z61: 🇱🇰
A62: 61 | B62: Africa | C62: Eastern Africa | D62: MWI | E62: MW | F62: 265 | G62: 🇲🇼 | H62: Malawi | I62: Lilongwe | J62: 22216120 | K62: 0.0027 | L62: 94280 | M62: 236 | N62: 12712150082 | O62: 602 | P62: 0.00012 | Q62: 11009 | R62: 1357000000 | S62: 290 | V62: Malawi | W62: Africa | X62: Eastern Africa | Y62: MW | Z62: 🇲🇼
A63: 62 | B63: Africa | C63: Eastern Africa | D63: ZMB | E63: ZM | F63: 260 | G63: 🇿🇲 | H63: Zambia | I63: Lusaka | J63: 21913874 | K63: 0.0027 | L63: 743390 | M63: 29 | N63: 27577956471 | O63: 1331 | P63: 0.00026 | Q63: 26326 | R63: 1572000000 | S63: 404 | V63: Zambia | W63: Africa | X63: Eastern Africa | Y63: ZM | Z63: 🇿🇲
A64: 63 | B64: Africa | C64: Middle Africa | D64: TCD | E64: TD | F64: 235 | G64: 🇹🇩 | H64: Chad | I64: N'Djamena | J64: 21003705 | K64: 0.0026 | L64: 1259200 | M64: 17 | N64: 13149325362 | O64: 681 | P64: 0.00012 | Q64: 20626 | R64: 879600000 | S64: 233 | V64: Chad | W64: Africa | X64: Middle Africa | Y64: TD | Z64: 🇹🇩
A65: 64 | B65: Asia | C65: Central Asia | D65: KAZ | E65: KZ | F65: 7 | G65: 🇰🇿 | H65: Kazakhstan | I65: Astana | J65: 20843754 | K65: 0.0025 | L65: 2699700 | M65: 8 | N65: 262642000000 | O65: 12919 | P65: 0.0025 | Q65: 288406 | R65: 22770000000 | S65: 3397 | V65: Kazakhstan | W65: Asia | X65: Central Asia | Y65: KZ | Z65: 🇰🇿
A66: 65 | B66: America | C66: South America | D66: CHL | E66: CL | F66: 56 | G66: 🇨🇱 | H66: Chile | I66: Santiago | J66: 19859921 | K66: 0.0024 | L66: 743532 | M66: 27 | N66: 335533000000 | O66: 17068 | P66: 0.0032 | Q66: 330267 | R66: 35430000000 | S66: 5880 | V66: Chile | W66: America | X66: South America | Y66: CL | Z66: 🇨🇱
A67: 66 | B67: Africa | C67: Eastern Africa | D67: SOM | E67: SO | F67: 252 | G67: 🇸🇴 | H67: Somalia | I67: Mogadishu | J67: 19654739 | K67: 0.0024 | L67: 627340 | M67: 31 | N67: #N/A | O67: #N/A | P67: #N/A | Q67: 12109 | R67: 3298000000 | S67: 912 | V67: Somalia | W67: Africa | X67: Eastern Africa | Y67: SO | Z67: 🇸🇴
A68: 67 | B68: Africa | C68: Western Africa | D68: SEN | E68: SN | F68: 221 | G68: 🇸🇳 | H68: Senegal | I68: Dakar | J68: 18931966 | K68: 0.0023 | L68: 192530 | M68: 98 | N68: 30848333084 | O68: 1706 | P68: 0.00029 | Q68: 32267 | R68: 2221000000 | S68: 581 | V68: Senegal | W68: Africa | X68: Western Africa | Y68: SN | Z68: 🇸🇳
A69: 68 | B69: Europe | C69: Eastern Europe | D69: ROU | E69: RO | F69: 40 | G69: 🇷🇴 | H69: Romania | I69: Bucharest | J69: 18908650 | K69: 0.0023 | L69: 230170 | M69: 82 | N69: 350776000000 | O69: 18347 | P69: 0.0033 | Q69: 382768 | R69: 6374000000 | S69: 883 | V69: Romania | W69: Europe | X69: Eastern Europe | Y69: RO | Z69: 🇷🇴
A70: 69 | B70: America | C70: Central America | D70: GTM | E70: GT | F70: 502 | G70: 🇬🇹 | H70: Guatemala | I70: Guatemala City | J70: 18687881 | K70: 0.0023 | L70: 107160 | M70: 174 | N70: 104450000000 | O70: 5763 | P70: 0.00098 | Q70: 113200 | R70: 3324000000 | S70: 681 | V70: Guatemala | W70: America | X70: Central America | Y70: GT | Z70: 🇬🇹
A71: 70 | B71: Europe | C71: Western Europe | D71: NLD | E71: NL | F71: 31 | G71: 🇳🇱 | H71: Netherlands | I71: Amsterdam | J71: 18346819 | K71: 0.0022 | L71: 33720 | M71: 544 | N71: 1154360000000 | O71: 63803 | P71: 0.0109 | Q71: 1227544 | R71: 8919000000 | S71: 1435 | V71: Netherlands | W71: Europe | X71: Western Europe | Y71: NL | Z71: 🇳🇱
A72: 71 | B72: America | C72: South America | D72: ECU | E72: EC | F72: 593 | G72: 🇪🇨 | H72: Ecuador | I72: Quito | J72: 18289896 | K72: 0.0022 | L72: 248360 | M72: 74 | N72: 118845000000 | O72: 6610 | P72: 0.0011 | Q72: 124676 | R72: 9918000000 | S72: 1962 | V72: Ecuador | W72: America | X72: South America | Y72: EC | Z72: 🇪🇨
A73: 72 | B73: Asia | C73: South-Eastern Asia | D73: KHM | E73: KH | F73: 855 | G73: 🇰🇭 | H73: Cambodia | I73: Phnom Penh | J73: 17847982 | K73: 0.0022 | L73: 176520 | M73: 101 | N73: 42335646896 | O73: 2430 | P73: 0.0004 | Q73: 46353 | R73: 2184000000 | S73: 439 | V73: Cambodia | W73: Asia | X73: South-Eastern Asia | Y73: KH | Z73: 🇰🇭
A74: 73 | B74: Africa | C74: Eastern Africa | D74: ZWE | E74: ZW | F74: 263 | G74: 🇿🇼 | H74: Zimbabwe | I74: Harare | J74: 16950795 | K74: 0.0021 | L74: 386850 | M74: 44 | N74: 35231367886 | O74: 2156 | P74: 0.00033 | Q74: 44188 | R74: 3570000000 | S74: 764 | V74: Zimbabwe | W74: Africa | X74: Eastern Africa | Y74: ZW | Z74: 🇿🇼
A75: 74 | B75: Africa | C75: Western Africa | D75: GIN | E75: GN | F75: 224 | G75: 🇬🇫 | H75: Guinea | I75: Conakry | J75: 15099727 | K75: 0.0018 | L75: 245720 | M75: 61 | N75: 22199409741 | O75: 1541 | P75: 0.00021 | Q75: 25334 | R75: 553300000 | S75: 178 | V75: Guinea | W75: Africa | X75: Western Africa | Y75: GN | Z75: 🇬🇫
A76: 75 | B76: Africa | C76: Western Africa | D76: BEN | E76: BJ | F76: 229 | G76: 🇧🇯 | H76: Benin | I76: Porto Novo | J76: 14814460 | K76: 0.0018 | L76: 112760 | M76: 131 | N76: 19676049076 | O76: 1394 | P76: 0.00019 | Q76: 21483 | R76: 130000000 | S76: 48 | V76: Benin | W76: Africa | X76: Western Africa | Y76: BJ | Z76: 🇧🇯
A77: 76 | B77: Africa | C77: Eastern Africa | D77: RWA | E77: RW | F77: 250 | G77: 🇷🇼 | H77: Rwanda | I77: Kigali | J77: 14569341 | K77: 0.0018 | L77: 24670 | M77: 591 | N77: 14097768472 | O77: 1010 | P77: 0.00013 | Q77: 14252 | R77: 150000000 | S77: 50 | V77: Rwanda | W77: Africa | X77: Eastern Africa | Y77: RW | Z77: 🇷🇼
A78: 77 | B78: Africa | C78: Eastern Africa | D78: BDI | E78: BI | F78: 257 | G78: 🇧🇮 | H78: Burundi | I78: Gitega | J78: 14390003 | K78: 0.0017 | L78: 25680 | M78: 560 | N78: 2642161669 | O78: 193 | P78: 2.5e-05 | Q78: 2162 | R78: 288000000 | S78: 122 | V78: Burundi | W78: Africa | X78: Eastern Africa | Y78: BI | Z78: 🇧🇮
A79: 78 | B79: America | C79: South America | D79: BOL | E79: BO | F79: 591 | G79: 🇧🇴 | H79: Bolivia | I79: La Paz | J79: 12581843 | K79: 0.0015 | L79: 1083300 | M79: 12 | N79: 45135398009 | O79: 3686 | P79: 0.00043 | Q79: 49668 | R79: 2088000000 | S79: 571 | V79: Bolivia | W79: America | X79: South America | Y79: BO | Z79: 🇧🇴
A80: 79 | B80: Africa | C80: Northern Africa | D80: TUN | E80: TN | F80: 216 | G80: 🇹🇳 | H80: Tunisia | I80: Tunis | J80: 12348573 | K80: 0.0015 | L80: 155360 | M80: 79 | N80: 48529595417 | O80: 3978 | P80: 0.00046 | Q80: 53410 | R80: 4875000000 | S80: 1146 | V80: Tunisia | W80: Africa | X80: Northern Africa | Y80: TN | Z80: 🇹🇳
A81: 80 | B81: Africa | C81: Eastern Africa | D81: SSD | E81: SS | F81: 211 | G81: 🇸🇸 | H81: South Sudan | I81: Juba | J81: 12188788 | K81: 0.0015 | L81: 610952 | M81: 20 | N81: #N/A | O81: #N/A | P81: #N/A | Q81: — | R81: 658000000 | S81: 175 | V81: South Sudan | W81: Africa | X81: Eastern Africa | Y81: SS | Z81: 🇸🇸
A82: 81 | B82: Oceania | C82: Caribbean | D82: HTI | E82: HT | F82: 509 | G82: 🇭🇹 | H82: Haiti | I82: Port au Prince | J82: 11906095 | K82: 0.0014 | L82: 27560 | M82: 432 | N82: 19850829758 | O82: 1706 | P82: 0.00019 | Q82: 25224 | R82: 1450000000 | S82: 410 | V82: Haiti | W82: Oceania | X82: Caribbean | Y82: HT | Z82: 🇭🇹
A83: 82 | B83: Europe | C83: Western Europe | D83: BEL | E83: BE | F83: 32 | G83: 🇧🇪 | H83: Belgium | I83: Brussels | J83: 11758603 | K83: 0.0014 | L83: 30280 | M83: 388 | N83: 644783000000 | O83: 55049 | P83: 0.0061 | Q83: 664564 | R83: 6005000000 | S83: 1522 | V83: Belgium | W83: Europe | X83: Western Europe | Y83: BE | Z83: 🇧🇪
A84: 83 | B84: Asia | C84: Western Asia | D84: JOR | E84: JO | F84: 962 | G84: 🇯🇴 | H84: Jordan | I84: Amman | J84: 11520684 | K84: 0.0014 | L84: 88780 | M84: 130 | N84: 50967475352 | O84: 4456 | P84: 0.00048 | Q84: 53352 | R84: 1044000000 | S84: 286 | V84: Jordan | W84: Asia | X84: Western Asia | Y84: JO | Z84: 🇯🇴
A85: 84 | B85: Oceania | C85: Caribbean | D85: DOM | E85: DO | F85: 1-809, 1-829, 1-849 | G85: 🇩🇴 | H85: Dominican Republic | I85: Santo Domingo | J85: 11520487 | K85: 0.0014 | L85: 48320 | M85: 238 | N85: 121444000000 | O85: 10718 | P85: 0.0011 | Q85: 124282 | R85: 7156000000 | S85: 1996 | V85: Dominican Republic | W85: Oceania | X85: Caribbean | Y85: DO | Z85: 🇩🇴
A86: 85 | B86: Asia | C86: Western Asia | D86: ARE | E86: AE | F86: 971 | G86: 🇦🇪 | H86: United Arab Emirates | I86: Abu Dhabi | J86: 11346000 | K86: 0.0014 | L86: 83600 | M86: 136 | N86: 514130000000 | O86: 48311 | P86: 0.0048 | Q86: 537079 | R86: 3998000000 | S86: 2348 | V86: United Arab Emirates | W86: Asia | X86: Western Asia | Y86: AE | Z86: 🇦🇪
A87: 86 | B87: America | C87: Central America | D87: HND | E87: HN | F87: 504 | G87: 🇭🇳 | H87: Honduras | I87: Tegucigalpa | J87: 11005850 | K87: 0.0013 | L87: 111890 | M87: 98 | N87: 34400509852 | O87: 3232 | P87: 0.00032 | Q87: 37094 | R87: 1607000000 | S87: 618 | V87: Honduras | W87: America | X87: Central America | Y87: HN | Z87: 🇭🇳
A88: 87 | B88: Oceania | C88: Caribbean | D88: CUB | E88: CU | F88: 53 | G88: 🇨🇺 | H88: Cuba | I88: Havana | J88: 10937203 | K88: 0.0013 | L88: 106440 | M88: 103 | N88: #N/A | O88: #N/A | P88: #N/A | Q88: 201986 | R88: 6959000000 | S88: 1688 | V88: Cuba | W88: Oceania | X88: Caribbean | Y88: CU | Z88: 🇨🇺
A89: 88 | B89: Asia | C89: Central Asia | D89: TJK | E89: TJ | F89: 992 | G89: 🇹🇯 | H89: Tajikistan | I89: Dushanbe | J89: 10786734 | K89: 0.0013 | L89: 139960 | M89: 77 | N89: 12060602009 | O89: 1161 | P89: 0.00011 | Q89: 14205 | R89: 11490000000 | S89: 4460 | V89: Tajikistan | W89: Asia | X89: Central Asia | Y89: TJ | Z89: 🇹🇯
A90: 89 | B90: Oceania | C90: Melanesia | D90: PNG | E90: PG | F90: 675 | G90: 🇵🇬 | H90: Papua New Guinea | I90: Port Moresby | J90: 10762817 | K90: 0.0013 | L90: 452860 | M90: 24 | N90: 30729242919 | O90: 2958 | P90: 0.00029 | Q90: 32538 | R90: 392100000 | S90: 164 | V90: Papua New Guinea | W90: Oceania | X90: Melanesia | Y90: PG | Z90: 🇵🇬
A91: 90 | B91: Europe | C91: Northern Europe | D91: SWE | E91: SE | F91: 46 | G91: 🇸🇪 | H91: Sweden | I91: Stockholm | J91: 10656633 | K91: 0.0013 | L91: 410340 | M91: 26 | N91: 584960000000 | O91: 55439 | P91: 0.0055 | Q91: 610118 | R91: 2689000000 | S91: 786 | V91: Sweden | W91: Europe | X91: Northern Europe | Y91: SE | Z91: 🇸🇪
A92: 91 | B92: Europe | C92: Eastern Europe | D92: CZE | E92: CZ | F92: 420 | G92: 🇨🇿 | H92: Czech Republic | I92: Prague | J92: 10609239 | K92: 0.0013 | L92: 77240 | M92: 137 | N92: 343208000000 | O92: 31750 | P92: 0.0032 | Q92: 345037 | R92: 1635000000 | S92: 425 | V92: Czech Republic | W92: Europe | X92: Eastern Europe | Y92: CZ | Z92: 🇨🇿
A93: 92 | B93: Europe | C93: Southern Europe | D93: PRT | E93: PT | F93: 351 | G93: 🇵🇹 | H93: Portugal | I93: Lisbon | J93: 10411834 | K93: 0.0013 | L93: 91590 | M93: 114 | N93: 289114000000 | O93: 27718 | P93: 0.0027 | Q93: 308683 | R93: 9151000000 | S93: 2377 | V93: Portugal | W93: Europe | X93: Southern Europe | Y93: PT | Z93: 🇵🇹
A94: 93 | B94: Asia | C94: Western Asia | D94: AZE | E94: AZ | F94: 994 | G94: 🇦🇿 | H94: Azerbaijan | I94: Baku | J94: 10397713 | K94: 0.0013 | L94: 82658 | M94: 126 | N94: 72356176471 | O94: 7012 | P94: 0.00068 | Q94: 74316 | R94: 12780000000 | S94: 3512 | V94: Azerbaijan | W94: Asia | X94: Western Asia | Y94: AZ | Z94: 🇦🇿
A95: 94 | B95: Europe | C95: Southern Europe | D95: GRC | E95: GR | F95: 30 | G95: 🇬🇷 | H95: Greece | I95: Athens | J95: 9938844 | K95: 0.0012 | L95: 128900 | M95: 77 | N95: 243498000000 | O95: 23772 | P95: 0.0023 | Q95: 257145 | R95: 9630000000 | S95: 2389 | V95: Greece | W95: Europe | X95: Southern Europe | Y95: GR | Z95: 🇬🇷
A96: 95 | B96: Africa | C96: Western Africa | D96: TGO | E96: TG | F96: 228 | G96: 🇹🇬 | H96: Togo | I96: Lome | J96: 9721608 | K96: 0.0012 | L96: 54390 | M96: 179 | N96: 9171261838 | O96: 986 | P96: 8.6e-05 | Q96: 9926 | R96: 169000000 | S96: 86 | V96: Togo | W96: Africa | X96: Western Africa | Y96: TG | Z96: 🇹🇬
A97: 96 | B97: Europe | C97: Eastern Europe | D97: HUN | E97: HU | F97: 36 | G97: 🇭🇺 | H97: Hungary | I97: Budapest | J97: 9632287 | K97: 0.0012 | L97: 90530 | M97: 106 | N97: 212389000000 | O97: 21926 | P97: 0.002 | Q97: 222905 | R97: 5051000000 | S97: 1395 | V97: Hungary | W97: Europe | X97: Eastern Europe | Y97: HU | Z97: 🇭🇺
A98: 97 | B98: Asia | C98: Western Asia | D98: ISR | E98: IL | F98: 972 | G98: 🇮🇱 | H98: Israel | I98: Jerusalem | J98: 9517181 | K98: 0.0012 | L98: 21640 | M98: 440 | N98: 513611000000 | O98: 55488 | P98: 0.0048 | Q98: 540380 | R98: 1954000000 | S98: 809 | V98: Israel | W98: Asia | X98: Western Asia | Y98: IL | Z98: 🇮🇱
A99: 98 | B99: Europe | C99: Western Europe | D99: AUT | E99: AT | F99: 43 | G99: 🇦🇹 | H99: Austria | I99: Vienna | J99: 9113574 | K99: 0.0011 | L99: 82409 | M99: 111 | N99: 511685000000 | O99: 56042 | P99: 0.0048 | Q99: 521642 | R99: 3492000000 | S99: 1144 | V99: Austria | W99: Europe | X99: Western Europe | Y99: AT | Z99: 🇦🇹
A100: 99 | B100: Europe | C100: Eastern Europe | D100: BLR | E100: BY | F100: 375 | G100: 🇧🇾 | H100: Belarus | I100: Minsk | J100: 8997603 | K100: 0.0011 | L100: 202910 | M100: 44 | N100: 71857382746 | O100: 7883 | P100: 0.00068 | Q100: 75962 | R100: 1452000000 | S100: 419 | V100: Belarus | W100: Europe | X100: Eastern Europe | Y100: BY | Z100: 🇧🇾
... A114: 113 | B114: Asia | C114: South-Eastern Asia | D114: SGP | E114: SG | F114: 65 | G114: 🇸🇬 | H114: Singapore | I114: Singapore | J114: 5870750 | K114: 0.00071 | L114: 700 | M114: 8387 | N114: 501428000000 | O114: 86616 | P114: 0.0047 | Q114: 547387 | R114: 190000000 | S114: 229 | V114: Singapore | W114: Asia | X114: South-Eastern Asia | Y114: SG | Z114: 🇸🇬
A115: 114 | B115: Asia | C115: Western Asia | D115: LBN | E115: LB | F115: 961 | G115: 🇱🇧 | H115: Lebanon | I115: Beirut | J115: 5849421 | K115: 0.00071 | L115: 10230 | M115: 572 | N115: #N/A | O115: #N/A | P115: #N/A | Q115: 2023 | R115: 1840000000 | S115: 779 | V115: Lebanon | W115: Asia | X115: Western Asia | Y115: LB | Z115: 🇱🇧
A116: 115 | B116: Africa | C116: Western Africa | D116: LBR | E116: LR | F116: 231 | G116: 🇱🇷 | H116: Liberia | I116: Monrovia | J116: 5731206 | K116: 0.0007 | L116: 96320 | M116: 60 | N116: 4240000000 | O116: 772 | P116: 4e-05 | Q116: 4750 | R116: 130800000 | S116: 122 | V116: Liberia | W116: Africa | X116: Western Africa | Y116: LR | Z116: 🇱🇷
A117: 116 | B117: Europe | C117: Northern Europe | D117: FIN | E117: FI | F117: 358 | G117: 🇫🇮 | H117: Finland | I117: Helsinki | J117: 5623329 | K117: 0.00068 | L117: 303890 | M117: 19 | N117: 295532000000 | O117: 52762 | P117: 0.0028 | Q117: 299836 | R117: 6562000000 | S117: 3414 | V117: Finland | W117: Europe | X117: Northern Europe | Y117: FI | Z117: 🇫🇮
A118: 117 | B118: Europe | C118: Northern Europe | D118: NOR | E118: NO | F118: 47 | G118: 🇳🇴 | H118: Norway | I118: Oslo | J118: 5623071 | K118: 0.00068 | L118: 365268 | M118: 15 | N118: 485311000000 | O118: 87932 | P118: 0.0046 | Q118: 483727 | R118: 3026000000 | S118: 1761 | V118: Norway | W118: Europe | X118: Northern Europe | Y118: NO | Z118: 🇳🇴
A119: 118 | B119: Asia | C119: Western Asia | D119: PSE | E119: PS | F119: 970 | G119: 🇵🇸 | H119: State of Palestine | I119: Jerusalem | J119: 5589623 | K119: 0.00068 | L119: 6020 | M119: 929 | N119: 17420800000 | O119: 3221 | P119: 0.00016 | Q119: 13711 | R119: 363600000 | S119: 215 | V119: State of Palestine | W119: Asia | X119: Western Asia | Y119: PS | Z119: 🇵🇸
A120: 119 | B120: Africa | C120: Middle Africa | D120: CAF | E120: CF | F120: 236 | G120: 🇨🇫 | H120: Central African Republic | I120: Bangui | J120: 5513282 | K120: 0.00067 | L120: 622980 | M120: 9 | N120: 2555492085 | O120: 496 | P120: 2.4e-05 | Q120: 2752 | R120: 72500000 | S120: 46 | V120: Central African Republic | W120: Africa | X120: Middle Africa | Y120: CF | Z120: 🇨🇫
A121: 120 | B121: Asia | C121: Western Asia | D121: OMN | E121: OM | F121: 968 | G121: 🇴🇲 | H121: Oman | I121: Muscat | J121: 5494691 | K121: 0.00067 | L121: 309500 | M121: 18 | N121: 108811000000 | O121: 21550 | P121: 0.001 | Q121: 106943 | R121: 1321000000 | S121: 1531 | V121: Oman | W121: Asia | X121: Western Asia | Y121: OM | Z121: 🇴🇲
A122: 121 | B122: Europe | C122: Eastern Europe | D122: SVK | E122: SK | F122: 421 | G122: 🇸🇰 | H122: Slovakia | I122: Bratislava | J122: 5474881 | K122: 0.00067 | L122: 48088 | M122: 114 | N122: 132908000000 | O122: 24086 | P122: 0.0013 | Q122: 141776 | R122: 535000000 | S122: 270 | V122: Slovakia | W122: Europe | X122: Eastern Europe | Y122: SK | Z122: 🇸🇰
A123: 122 | B123: Africa | C123: Western Africa | D123: MRT | E123: MR | F123: 222 | G123: 🇲🇷 | H123: Mauritania | I123: Nouakchott | J123: 5315065 | K123: 0.00065 | L123: 1030700 | M123: 5 | N123: 10651709411 | O123: 2121 | P123: 0.0001 | Q123: 10767 | R123: 1350000000 | S123: 1258 | V123: Mauritania | W123: Africa | X123: Western Africa | Y123: MR | Z123: 🇲🇷
A124: 123 | B124: Europe | C124: Northern Europe | D124: IRL | E124: IE | F124: 353 | G124: 🇮🇪 | H124: Ireland | I124: Dublin | J124: 5308039 | K124: 0.00064 | L124: 68890 | M124: 77 | N124: 551395000000 | O124: 106106 | P124: 0.0052 | Q124: 577389 | R124: 757000000 | S124: 457 | V124: Ireland | W124: Europe | X124: Northern Europe | Y124: IE | Z124: 🇮🇪
A125: 124 | B125: Australia and New Zealand | C125: Australia and New Zealand | D125: NZL | E125: NZ | F125: 64 | G125: 🇳🇿 | H125: New Zealand | I125: Wellington | J125: 5251899 | K125: 0.00064 | L125: 263310 | M125: 20 | N125: 252176000000 | O125: 48750 | P125: 0.0024 | Q125: 260236 | R125: 5201000000 | S125: 3277 | V125: New Zealand | W125: Australia and New Zealand | X125: Australia and New Zealand | Y125: NZ | Z125: 🇳🇿
A126: 125 | B126: America | C126: Central America | D126: CRI | E126: CR | F126: 506 | G126: 🇨🇷 | H126: Costa Rica | I126: San Jose | J126: 5152950 | K126: 0.00063 | L126: 51060 | M126: 101 | N126: 86497941439 | O126: 16942 | P126: 0.00081 | Q126: 95350 | R126: 3194000000 | S126: 1816 | V126: Costa Rica | W126: America | X126: Central America | Y126: CR | Z126: 🇨🇷
A127: 126 | B127: Asia | C127: Western Asia | D127: KWT | E127: KW | F127: 965 | G127: 🇰🇼 | H127: Kuwait | I127: Kuwait | J127: 5026078 | K127: 0.00061 | L127: 17820 | M127: 282 | N127: 163705000000 | O127: 33832 | P127: 0.0015 | Q127: 160227 | R127: 913200000 | S127: 1215 | V127: Kuwait | W127: Asia | X127: Western Asia | Y127: KW | Z127: 🇰🇼
... A130: 129 | B130: Asia | C130: Western Asia | D130: GEO | E130: GE | F130: 995 | G130: 🇬🇪 | H130: Georgia | I130: Tbilisi | J130: 3806671 | K130: 0.00046 | L130: 69490 | M130: 55 | N130: 30777833585 | O130: 8083 | P130: 0.00029 | Q130: 33776 | R130: 1823000000 | S130: 1267 | V130: Georgia | W130: Asia | X130: Western Asia | Y130: GE | Z130: 🇬🇪
A131: 130 | B131: Africa | C131: Eastern Africa | D131: ERI | E131: ER | F131: 291 | G131: 🇪🇷 | H131: Eritrea | I131: Asmara | J131: 3607003 | K131: 0.00044 | L131: 101000 | M131: 36 | N131: #N/A | O131: #N/A | P131: #N/A | Q131: 2275 | R131: 582000000 | S131: 614 | V131: Eritrea | W131: Africa | X131: Eastern Africa | Y131: ER | Z131: 🇪🇷
A132: 131 | B132: Asia | C132: Eastern Asia | D132: MNG | E132: MN | F132: 976 | G132: 🇲🇳 | H132: Mongolia | I132: Ulaanbaatar | J132: 3517100 | K132: 0.00043 | L132: 1553560 | M132: 2 | N132: 20325121394 | O132: 5922 | P132: 0.00019 | Q132: 23586 | R132: 462400000 | S132: 417 | V132: Mongolia | W132: Asia | X132: Eastern Asia | Y132: MN | Z132: 🇲🇳
A133: 132 | B133: America | C133: South America | D133: URY | E133: UY | F133: 598 | G133: 🇺🇾 | H133: Uruguay | I133: Montevideo | J133: 3384688 | K133: 0.00041 | L133: 175020 | M133: 19 | N133: 77240830877 | O133: 22798 | P133: 0.00073 | Q133: 80962 | R133: 3660000000 | S133: 3070 | V133: Uruguay | W133: America | X133: South America | Y133: UY | Z133: 🇺🇾
A134: 133 | B134: Europe | C134: Southern Europe | D134: BIH | E134: BA | F134: 387 | G134: 🇧🇦 | H134: Bosnia and Herzegovina | I134: Sarajevo | J134: 3140095 | K134: 0.00038 | L134: 51000 | M134: 62 | N134: 27514782476 | O134: 8639 | P134: 0.00026 | Q134: 28343 | R134: 327900000 | S134: 249 | V134: Bosnia and Herzegovina | W134: Europe | X134: Southern Europe | Y134: BA | Z134: 🇧🇦
A135: 134 | B135: Asia | C135: Western Asia | D135: QAT | E135: QA | F135: 974 | G135: 🇶🇦 | H135: Qatar | I135: Doha | J135: 3115889 | K135: 0.00038 | L135: 11610 | M135: 268 | N135: 213003000000 | O135: 71500 | P135: 0.002 | Q135: 217983 | R135: 444000000 | S135: 1474 | V135: Qatar | W135: Asia | X135: Western Asia | Y135: QA | Z135: 🇶🇦
A136: 135 | B136: Africa | C136: Southern Africa | D136: NAM | E136: NA | F136: 264 | G136: 🇳🇦 | H136: Namibia | I136: Windhoek | J136: 3092816 | K136: 0.00038 | L136: 823290 | M136: 4 | N136: 12351025067 | O136: 4168 | P136: 0.00012 | Q136: 13372 | R136: 288000000 | S136: 417 | V136: Namibia | W136: Africa | X136: Southern Africa | Y136: NA | Z136: 🇳🇦
A137: 136 | B137: Europe | C137: Eastern Europe | D137: MDA | E137: MD | F137: 373 | G137: 🇲🇩 | H137: Moldova | I137: Chisinau | J137: 2996106 | K137: 0.00036 | L137: 32850 | M137: 91 | N137: 16539436547 | O137: 5393 | P137: 0.00016 | Q137: 18200 | R137: 1065000000 | S137: 758 | V137: Moldova | W137: Europe | X137: Eastern Europe | Y137: MD | Z137: 🇲🇩
A138: 137 | B138: Asia | C138: Western Asia | D138: ARM | E138: AM | F138: 374 | G138: 🇦🇲 | H138: Armenia | I138: Yerevan | J138: 2952365 | K138: 0.00036 | L138: 28470 | M138: 104 | N138: 24085749592 | O138: 8183 | P138: 0.00023 | Q138: 25787 | R138: 2847000000 | S138: 2676 | V138: Armenia | W138: Asia | X138: Western Asia | Y138: AM | Z138: 🇦🇲
A139: 138 | B139: Oceania | C139: Caribbean | D139: JAM | E139: JM | F139: 1-876 | G139: 🇯🇲 | H139: Jamaica | I139: Kingston | J139: 2837077 | K139: 0.00034 | L139: 10830 | M139: 262 | N139: 19423355409 | O139: 6840 | P139: 0.00018 | Q139: 19930 | R139: 1354000000 | S139: 1320 | V139: Jamaica | W139: Oceania | X139: Caribbean | Y139: JM | Z139: 🇯🇲
A140: 139 | B140: Europe | C140: Northern Europe | D140: LTU | E140: LT | F140: 370 | G140: 🇱🇹 | H140: Lithuania | I140: Vilnius | J140: 2830144 | K140: 0.00034 | L140: 62674 | M140: 45 | N140: 79789877416 | O140: 27956 | P140: 0.00075 | Q140: 84869 | R140: 2768000000 | S140: 2680 | V140: Lithuania | W140: Europe | X140: Northern Europe | Y140: LT | Z140: 🇱🇹
...

Sheet all_countries
A1: # | B1: region | C1: subregion | D1: Country | E1: Flags | F1: Population 2025 | G1: Yearly Change | H1: Net Change | I1: Density (P/Km²) | J1: Land Area (Km²) | K1: Migrants (net) | L1: Fert. Rate | M1: Median Age | N1: Urban Pop % | O1: World Share | R1: region | S1: subregion | T1: Flags
A2: 1 | B2: Asia | C2: Southern Asia | D2: India | E2: 🇮🇳 | F2: 1463865525 | G2: 0.0089 | H2: 12929734 | I2: 492 | J2: 2973190 | K2: −495,753 | L2: 1.94 | M2: 28.8 | N2: 0.371 | O2: 0.1778 | R2: =VLOOKUP(D2,Сountries!V:Z,2,0) -> Asia | S2: =VLOOKUP(D2,Сountries!V:Z,3,0) -> Southern Asia | T2: =VLOOKUP(D2,Сountries!V:Z,5,0) -> 🇮🇳 | U2: =E2=T2 -> TRUE
A3: 2 | B3: Asia | C3: Eastern Asia | D3: China | E3: 🇨🇳 | F3: 1416096094 | G3: −0.23% | H3: −3,225,184 | I3: 151 | J3: 9388211 | K3: −268,126 | L3: 1.02 | M3: 40.1 | N3: 0.675 | O3: 0.172 | R3: =VLOOKUP(D3,Сountries!V:Z,2,0) -> Asia | S3: =VLOOKUP(D3,Сountries!V:Z,3,0) -> Eastern Asia | T3: =VLOOKUP(D3,Сountries!V:Z,5,0) -> 🇨🇳 | U3: =E3=T3 -> TRUE
A4: 3 | B4: America | C4: Northern America | D4: United States | E4: 🇺🇸 | F4: 347275807 | G4: 0.0054 | H4: 1849236 | I4: 38 | J4: 9147420 | K4: 1230663 | L4: 1.62 | M4: 38.5 | N4: 0.828 | O4: 0.0422 | R4: =VLOOKUP(D4,Сountries!V:Z,2,0) -> America | S4: =VLOOKUP(D4,Сountries!V:Z,3,0) -> Northern America | T4: =VLOOKUP(D4,Сountries!V:Z,5,0) -> 🇺🇸 | U4: =E4=T4 -> TRUE
A5: 4 | B5: Asia | C5: South-Eastern Asia | D5: Indonesia | E5: 🇮🇩 | F5: 285721236 | G5: 0.0079 | H5: 2233305 | I5: 158 | J5: 1811570 | K5: −39,509 | L5: 2.1 | M5: 30.4 | N5: 0.596 | O5: 0.0347 | R5: =VLOOKUP(D5,Сountries!V:Z,2,0) -> Asia | S5: =VLOOKUP(D5,Сountries!V:Z,3,0) -> South-Eastern Asia | T5: =VLOOKUP(D5,Сountries!V:Z,5,0) -> 🇮🇩 | U5: =E5=T5 -> TRUE
A6: 5 | B6: Asia | C6: Southern Asia | D6: Pakistan | E6: 🇵🇰 | F6: 255219554 | G6: 0.0157 | H6: 3950390 | I6: 331 | J6: 770880 | K6: −1,235,336 | L6: 3.5 | M6: 20.6 | N6: 0.344 | O6: 0.031 | R6: =VLOOKUP(D6,Сountries!V:Z,2,0) -> Asia | S6: =VLOOKUP(D6,Сountries!V:Z,3,0) -> Southern Asia | T6: =VLOOKUP(D6,Сountries!V:Z,5,0) -> 🇵🇰 | U6: =E6=T6 -> TRUE
A7: 6 | B7: Africa | C7: Western Africa | D7: Nigeria | E7: 🇳🇬 | F7: 237527782 | G7: 0.0208 | H7: 4848304 | I7: 261 | J7: 910770 | K7: −15,258 | L7: 4.3 | M7: 18.1 | N7: 0.549 | O7: 0.0289 | R7: =VLOOKUP(D7,Сountries!V:Z,2,0) -> Africa | S7: =VLOOKUP(D7,Сountries!V:Z,3,0) -> Western Africa | T7: =VLOOKUP(D7,Сountries!V:Z,5,0) -> 🇳🇬 | U7: =E7=T7 -> TRUE
A8: 7 | B8: America | C8: South America | D8: Brazil | E8: 🇧🇷 | F8: 212812405 | G8: 0.0038 | H8: 813832 | I8: 25 | J8: 8358140 | K8: −217,283 | L8: 1.6 | M8: 34.8 | N8: 0.914 | O8: 0.0259 | R8: =VLOOKUP(D8,Сountries!V:Z,2,0) -> America | S8: =VLOOKUP(D8,Сountries!V:Z,3,0) -> South America | T8: =VLOOKUP(D8,Сountries!V:Z,5,0) -> 🇧🇷 | U8: =E8=T8 -> TRUE
A9: 8 | B9: Asia | C9: Southern Asia | D9: Bangladesh | E9: 🇧🇩 | F9: 175686899 | G9: 0.0122 | H9: 2124535 | I9: 1350 | J9: 130170 | K9: −402,100 | L9: 2.11 | M9: 26 | N9: 0.426 | O9: 0.0213 | R9: =VLOOKUP(D9,Сountries!V:Z,2,0) -> Asia | S9: =VLOOKUP(D9,Сountries!V:Z,3,0) -> Southern Asia | T9: =VLOOKUP(D9,Сountries!V:Z,5,0) -> 🇧🇩 | U9: =E9=T9 -> TRUE
A10: 9 | B10: Europe | C10: Eastern Europe | D10: Russian Federation | E10: 🇷🇺 | F10: 143997393 | G10: −0.57% | H10: −823,030 | I10: 9 | J10: 16376870 | K10: −251,822 | L10: 1.47 | M10: 40.3 | N10: 0.75 | O10: 0.0175 | R10: =VLOOKUP(D10,Сountries!V:Z,2,0) -> Europe | S10: =VLOOKUP(D10,Сountries!V:Z,3,0) -> Eastern Europe | T10: =VLOOKUP(D10,Сountries!V:Z,5,0) -> 🇷🇺 | U10: =E10=T10 -> TRUE
A11: 10 | B11: Africa | C11: Eastern Africa | D11: Ethiopia | E11: 🇪🇹 | F11: 135472051 | G11: 0.0258 | H11: 3412284 | I11: 135 | J11: 1000000 | K11: 24054 | L11: 3.81 | M11: 19.1 | N11: 0.225 | O11: 0.0165 | R11: =VLOOKUP(D11,Сountries!V:Z,2,0) -> Africa | S11: =VLOOKUP(D11,Сountries!V:Z,3,0) -> Eastern Africa | T11: =VLOOKUP(D11,Сountries!V:Z,5,0) -> 🇪🇹 | U11: =E11=T11 -> TRUE
A12: 11 | B12: America | C12: Central America | D12: Mexico | E12: 🇲🇽 | F12: 131946900 | G12: 0.0083 | H12: 1085893 | I12: 68 | J12: 1943950 | K12: −108,037 | L12: 1.87 | M12: 29.6 | N12: 0.879 | O12: 0.016 | R12: =VLOOKUP(D12,Сountries!V:Z,2,0) -> America | S12: =VLOOKUP(D12,Сountries!V:Z,3,0) -> Central America | T12: =VLOOKUP(D12,Сountries!V:Z,5,0) -> 🇲🇽 | U12: =E12=T12 -> TRUE
A13: 12 | B13: Asia | C13: Eastern Asia | D13: Japan | E13: 🇯🇵 | F13: 123103479 | G13: −0.52% | H13: −649,562 | I13: 338 | J13: 364555 | K13: 140579 | L13: 1.23 | M13: 49.8 | N13: 0.931 | O13: 0.015 | R13: =VLOOKUP(D13,Сountries!V:Z,2,0) -> Asia | S13: =VLOOKUP(D13,Сountries!V:Z,3,0) -> Eastern Asia | T13: =VLOOKUP(D13,Сountries!V:Z,5,0) -> 🇯🇵 | U13: =E13=T13 -> TRUE
A14: 13 | B14: Africa | C14: Northern Africa | D14: Egypt | E14: 🇪🇬 | F14: 118365995 | G14: 0.0157 | H14: 1827737 | I14: 119 | J14: 995450 | K14: −57,305 | L14: 2.71 | M14: 24.5 | N14: 0.409 | O14: 0.0144 | R14: =VLOOKUP(D14,Сountries!V:Z,2,0) -> Africa | S14: =VLOOKUP(D14,Сountries!V:Z,3,0) -> Northern Africa | T14: =VLOOKUP(D14,Сountries!V:Z,5,0) -> 🇪🇬 | U14: =E14=T14 -> TRUE
A15: 14 | B15: Asia | C15: South-Eastern Asia | D15: Philippines | E15: 🇵🇭 | F15: 116786962 | G15: 0.0081 | H15: 943292 | I15: 392 | J15: 298170 | K15: −149,315 | L15: 1.88 | M15: 26.1 | N15: 0.493 | O15: 0.0142 | R15: =VLOOKUP(D15,Сountries!V:Z,2,0) -> Asia | S15: =VLOOKUP(D15,Сountries!V:Z,3,0) -> South-Eastern Asia | T15: =VLOOKUP(D15,Сountries!V:Z,5,0) -> 🇵🇭 | U15: =E15=T15 -> TRUE
A16: 15 | B16: Africa | C16: Middle Africa | D16: DR Congo | E16: 🇨🇩 | F16: 112832473 | G16: 0.0325 | H16: 3556208 | I16: 50 | J16: 2267050 | K16: −27,309 | L16: 5.9 | M16: 15.8 | N16: 0.45 | O16: 0.0137 | R16: =VLOOKUP(D16,Сountries!V:Z,2,0) -> Africa | S16: =VLOOKUP(D16,Сountries!V:Z,3,0) -> Middle Africa | T16: =VLOOKUP(D16,Сountries!V:Z,5,0) -> 🇨🇩 | U16: =E16=T16 -> TRUE
A17: 16 | B17: Asia | C17: South-Eastern Asia | D17: Vietnam | E17: 🇻🇳 | F17: 101598527 | G17: 0.006 | H17: 610841 | I17: 328 | J17: 310070 | K17: −48,171 | L17: 1.88 | M17: 33.4 | N17: 0.414 | O17: 0.0123 | R17: =VLOOKUP(D17,Сountries!V:Z,2,0) -> Asia | S17: =VLOOKUP(D17,Сountries!V:Z,3,0) -> South-Eastern Asia | T17: =VLOOKUP(D17,Сountries!V:Z,5,0) -> 🇻🇳 | U17: =E17=T17 -> TRUE
A18: 17 | B18: Asia | C18: Southern Asia | D18: Iran | E18: 🇮🇷 | F18: 92417681 | G18: 0.0093 | H18: 849943 | I18: 57 | J18: 1628550 | K18: 116786 | L18: 1.67 | M18: 34 | N18: 0.733 | O18: 0.0112 | R18: =VLOOKUP(D18,Сountries!V:Z,2,0) -> Asia | S18: =VLOOKUP(D18,Сountries!V:Z,3,0) -> Southern Asia | T18: =VLOOKUP(D18,Сountries!V:Z,5,0) -> 🇮🇷 | U18: =E18=T18 -> TRUE
A19: 18 | B19: Asia | C19: Western Asia | D19: Turkey | E19: 🇹🇷 | F19: 87685426 | G19: 0.0024 | H19: 211621 | I19: 114 | J19: 769630 | K19: −258,205 | L19: 1.62 | M19: 33.5 | N19: 0.769 | O19: 0.0107 | R19: =VLOOKUP(D19,Сountries!V:Z,2,0) -> Asia | S19: =VLOOKUP(D19,Сountries!V:Z,3,0) -> Western Asia | T19: =VLOOKUP(D19,Сountries!V:Z,5,0) -> 🇹🇷 | U19: =E19=T19 -> TRUE
A20: 19 | B20: Europe | C20: Western Europe | D20: Germany | E20: 🇩🇪 | F20: 84075075 | G20: −0.56% | H20: −477,167 | I20: 241 | J20: 348560 | K20: −334,072 | L20: 1.46 | M20: 45.5 | N20: 0.765 | O20: 0.0102 | R20: =VLOOKUP(D20,Сountries!V:Z,2,0) -> Europe | S20: =VLOOKUP(D20,Сountries!V:Z,3,0) -> Western Europe | T20: =VLOOKUP(D20,Сountries!V:Z,5,0) -> 🇩🇪 | U20: =E20=T20 -> TRUE
A21: 20 | B21: Asia | C21: South-Eastern Asia | D21: Thailand | E21: 🇹🇭 | F21: 71619863 | G21: −0.07% | H21: −48,148 | I21: 140 | J21: 510890 | K21: 27509 | L21: 1.2 | M21: 40.6 | N21: 0.535 | O21: 0.0087 | R21: =VLOOKUP(D21,Сountries!V:Z,2,0) -> Asia | S21: =VLOOKUP(D21,Сountries!V:Z,3,0) -> South-Eastern Asia | T21: =VLOOKUP(D21,Сountries!V:Z,5,0) -> 🇹🇭 | U21: =E21=T21 -> TRUE
A22: 21 | B22: Africa | C22: Eastern Africa | D22: Tanzania | E22: 🇹🇿 | F22: 70545865 | G22: 0.029 | H22: 1985708 | I22: 80 | J22: 885800 | K22: −12,730 | L22: 4.47 | M22: 17.5 | N22: 0.4 | O22: 0.0086 | R22: =VLOOKUP(D22,Сountries!V:Z,2,0) -> Africa | S22: =VLOOKUP(D22,Сountries!V:Z,3,0) -> Eastern Africa | T22: =VLOOKUP(D22,Сountries!V:Z,5,0) -> 🇹🇿 | U22: =E22=T22 -> TRUE
A23: 22 | B23: Europe | C23: Northern Europe | D23: United Kingdom | E23: 🇬🇧 | F23: 69551332 | G23: 0.006 | H23: 413140 | I23: 287 | J23: 241930 | K23: 389911 | L23: 1.54 | M23: 40.1 | N23: 0.845 | O23: 0.0084 | R23: =VLOOKUP(D23,Сountries!V:Z,2,0) -> Europe | S23: =VLOOKUP(D23,Сountries!V:Z,3,0) -> Northern Europe | T23: =VLOOKUP(D23,Сountries!V:Z,5,0) -> 🇬🇧 | U23: =E23=T23 -> TRUE
A24: 23 | B24: Europe | C24: Western Europe | D24: France | E24: 🇫🇷 | F24: 66650804 | G24: 0.0015 | H24: 102274 | I24: 122 | J24: 547557 | K24: 91737 | L24: 1.64 | M24: 42.3 | N24: 0.825 | O24: 0.0081 | R24: =VLOOKUP(D24,Сountries!V:Z,2,0) -> Europe | S24: =VLOOKUP(D24,Сountries!V:Z,3,0) -> Western Europe | T24: =VLOOKUP(D24,Сountries!V:Z,5,0) -> 🇫🇷 | U24: =E24=T24 -> TRUE
A25: 24 | B25: Africa | C25: Southern Africa | D25: South Africa | E25: 🇿🇦 | F25: 64747319 | G25: 0.0116 | H25: 740132 | I25: 53 | J25: 1213090 | K25: 146370 | L25: 2.19 | M25: 28.7 | N25: 0.666 | O25: 0.0079 | R25: =VLOOKUP(D25,Сountries!V:Z,2,0) -> Africa | S25: =VLOOKUP(D25,Сountries!V:Z,3,0) -> Southern Africa | T25: =VLOOKUP(D25,Сountries!V:Z,5,0) -> 🇿🇦 | U25: =E25=T25 -> TRUE
A26: 25 | B26: Europe | C26: Southern Europe | D26: Italy | E26: 🇮🇹 | F26: 59146260 | G26: −0.33% | H26: −196,607 | I26: 201 | J26: 294140 | K26: 75448 | L26: 1.21 | M26: 48.2 | N26: 0.72 | O26: 0.0072 | R26: =VLOOKUP(D26,Сountries!V:Z,2,0) -> Europe | S26: =VLOOKUP(D26,Сountries!V:Z,3,0) -> Southern Europe | T26: =VLOOKUP(D26,Сountries!V:Z,5,0) -> 🇮🇹 | U26: =E26=T26 -> TRUE
A27: 26 | B27: Africa | C27: Eastern Africa | D27: Kenya | E27: 🇰🇪 | F27: 57532493 | G27: 0.0195 | H27: 1099549 | I27: 101 | J27: 569140 | K27: −27,330 | L27: 3.12 | M27: 20 | N27: 0.319 | O27: 0.007 | R27: =VLOOKUP(D27,Сountries!V:Z,2,0) -> Africa | S27: =VLOOKUP(D27,Сountries!V:Z,3,0) -> Eastern Africa | T27: =VLOOKUP(D27,Сountries!V:Z,5,0) -> 🇰🇪 | U27: =E27=T27 -> TRUE
A28: 27 | B28: Asia | C28: South-Eastern Asia | D28: Myanmar | E28: 🇲🇽 | F28: 54850648 | G28: 0.0064 | H28: 350557 | I28: 84 | J28: 653290 | K28: −39,661 | L28: 2.08 | M28: 30.1 | N28: 0.341 | O28: 0.0067 | R28: =VLOOKUP(D28,Сountries!V:Z,2,0) -> Asia | S28: =VLOOKUP(D28,Сountries!V:Z,3,0) -> South-Eastern Asia | T28: =VLOOKUP(D28,Сountries!V:Z,5,0) -> 🇲🇽 | U28: =E28=T28 -> TRUE
A29: 28 | B29: America | C29: South America | D29: Colombia | E29: 🇨🇴 | F29: 53425635 | G29: 0.0102 | H29: 539272 | I29: 48 | J29: 1109500 | K29: 129139 | L29: 1.62 | M29: 32.5 | N29: 0.805 | O29: 0.0065 | R29: =VLOOKUP(D29,Сountries!V:Z,2,0) -> America | S29: =VLOOKUP(D29,Сountries!V:Z,3,0) -> South America | T29: =VLOOKUP(D29,Сountries!V:Z,5,0) -> 🇨🇴 | U29: =E29=T29 -> TRUE
A30: 29 | B30: Asia | C30: Eastern Asia | D30: South Korea | E30: 🇰🇷 | F30: 51667029 | G30: −0.1% | H30: −50,561 | I30: 531 | J30: 97230 | K30: 65731 | L30: 0.75 | M30: 45.6 | N30: 0.824 | O30: 0.0063 | R30: =VLOOKUP(D30,Сountries!V:Z,2,0) -> Asia | S30: =VLOOKUP(D30,Сountries!V:Z,3,0) -> Eastern Asia | T30: =VLOOKUP(D30,Сountries!V:Z,5,0) -> 🇰🇷 | U30: =E30=T30 -> TRUE
A31: 30 | B31: Africa | C31: Northern Africa | D31: Sudan | E31: 🇸🇩 | F31: 51662147 | G31: 0.024 | H31: 1213184 | I31: 29 | J31: 1765048 | K31: 291469 | L31: 4.19 | M31: 18.5 | N31: 0.353 | O31: 0.0063 | R31: =VLOOKUP(D31,Сountries!V:Z,2,0) -> Africa | S31: =VLOOKUP(D31,Сountries!V:Z,3,0) -> Northern Africa | T31: =VLOOKUP(D31,Сountries!V:Z,5,0) -> 🇸🇩 | U31: =E31=T31 -> TRUE
A32: 31 | B32: Africa | C32: Eastern Africa | D32: Uganda | E32: 🇺🇬 | F32: 51384894 | G32: 0.0274 | H32: 1369802 | I32: 257 | J32: 199810 | K32: −119,059 | L32: 4.06 | M32: 16.9 | N32: 0.3 | O32: 0.0062 | R32: =VLOOKUP(D32,Сountries!V:Z,2,0) -> Africa | S32: =VLOOKUP(D32,Сountries!V:Z,3,0) -> Eastern Africa | T32: =VLOOKUP(D32,Сountries!V:Z,5,0) -> 🇺🇬 | U32: =E32=T32 -> TRUE
A33: 32 | B33: Europe | C33: Southern Europe | D33: Spain | E33: 🇪🇸 | F33: 47889958 | G33: −0.04% | H33: −20,568 | I33: 96 | J33: 498800 | K33: 96630 | L33: 1.23 | M33: 45.9 | N33: 0.793 | O33: 0.0058 | R33: =VLOOKUP(D33,Сountries!V:Z,2,0) -> Europe | S33: =VLOOKUP(D33,Сountries!V:Z,3,0) -> Southern Europe | T33: =VLOOKUP(D33,Сountries!V:Z,5,0) -> 🇪🇸 | U33: =E33=T33 -> TRUE
A34: 33 | B34: Africa | C34: Northern Africa | D34: Algeria | E34: 🇩🇿 | F34: 47435312 | G34: 0.0133 | H34: 621004 | I34: 20 | J34: 2381740 | K34: −27,531 | L34: 2.67 | M34: 28.6 | N34: 0.744 | O34: 0.0058 | R34: =VLOOKUP(D34,Сountries!V:Z,2,0) -> Africa | S34: =VLOOKUP(D34,Сountries!V:Z,3,0) -> Northern Africa | T34: =VLOOKUP(D34,Сountries!V:Z,5,0) -> 🇩🇿 | U34: =E34=T34 -> TRUE
A35: 34 | B35: Asia | C35: Western Asia | D35: Iraq | E35: 🇮🇶 | F35: 47020774 | G35: 0.0213 | H35: 978759 | I35: 108 | J35: 434320 | K35: −1,064 | L35: 3.17 | M35: 20.8 | N35: 0.724 | O35: 0.0057 | R35: =VLOOKUP(D35,Сountries!V:Z,2,0) -> Asia | S35: =VLOOKUP(D35,Сountries!V:Z,3,0) -> Western Asia | T35: =VLOOKUP(D35,Сountries!V:Z,5,0) -> 🇮🇶 | U35: =E35=T35 -> TRUE
A36: 35 | B36: America | C36: South America | D36: Argentina | E36: 🇦🇷 | F36: 45851378 | G36: 0.0034 | H36: 155219 | I36: 17 | J36: 2736690 | K36: 2859 | L36: 1.5 | M36: 32.9 | N36: 0.96 | O36: 0.0056 | R36: =VLOOKUP(D36,Сountries!V:Z,2,0) -> America | S36: =VLOOKUP(D36,Сountries!V:Z,3,0) -> South America | T36: =VLOOKUP(D36,Сountries!V:Z,5,0) -> 🇦🇷 | U36: =E36=T36 -> TRUE
A37: 36 | B37: Asia | C37: Southern Asia | D37: Afghanistan | E37: 🇦🇫 | F37: 43844111 | G37: 0.0281 | H37: 1196619 | I37: 67 | J37: 652860 | K37: −74,404 | L37: 4.66 | M37: 17.3 | N37: 0.267 | O37: 0.0053 | R37: =VLOOKUP(D37,Сountries!V:Z,2,0) -> Asia | S37: =VLOOKUP(D37,Сountries!V:Z,3,0) -> Southern Asia | T37: =VLOOKUP(D37,Сountries!V:Z,5,0) -> 🇦🇫 | U37: =E37=T37 -> TRUE
A38: 37 | B38: Asia | C38: Western Asia | D38: Yemen | E38: 🇾🇪 | F38: 41773878 | G38: 0.0293 | H38: 1190714 | I38: 79 | J38: 527970 | K38: −16,291 | L38: 4.41 | M38: 18.4 | N38: 0.33 | O38: 0.0051 | R38: =VLOOKUP(D38,Сountries!V:Z,2,0) -> Asia | S38: =VLOOKUP(D38,Сountries!V:Z,3,0) -> Western Asia | T38: =VLOOKUP(D38,Сountries!V:Z,5,0) -> 🇾🇪 | U38: =E38=T38 -> TRUE
A39: 38 | B39: America | C39: Northern America | D39: Canada | E39: 🇨🇦 | F39: 40126723 | G39: 0.0097 | H39: 384293 | I39: 4 | J39: 9093510 | K39: 326204 | L39: 1.33 | M39: 40.6 | N39: 0.802 | O39: 0.0049 | R39: =VLOOKUP(D39,Сountries!V:Z,2,0) -> America | S39: =VLOOKUP(D39,Сountries!V:Z,3,0) -> Northern America | T39: =VLOOKUP(D39,Сountries!V:Z,5,0) -> 🇨🇦 | U39: =E39=T39 -> TRUE
A40: 39 | B40: Africa | C40: Middle Africa | D40: Angola | E40: 🇦🇴 | F40: 39040039 | G40: 0.0305 | H40: 1154190 | I40: 31 | J40: 1246700 | K40: −3,524 | L40: 4.95 | M40: 16.6 | N40: 0.688 | O40: 0.0047 | R40: =VLOOKUP(D40,Сountries!V:Z,2,0) -> Africa | S40: =VLOOKUP(D40,Сountries!V:Z,3,0) -> Middle Africa | T40: =VLOOKUP(D40,Сountries!V:Z,5,0) -> 🇦🇴 | U40: =E40=T40 -> TRUE
A41: 40 | B41: Europe | C41: Eastern Europe | D41: Ukraine | E41: 🇺🇦 | F41: 38980376 | G41: 0.0296 | H41: 1120155 | I41: 67 | J41: 579320 | K41: 1702358 | L41: 1 | M41: 41.8 | N41: 0.768 | O41: 0.0047 | R41: =VLOOKUP(D41,Сountries!V:Z,2,0) -> Europe | S41: =VLOOKUP(D41,Сountries!V:Z,3,0) -> Eastern Europe | T41: =VLOOKUP(D41,Сountries!V:Z,5,0) -> 🇺🇦 | U41: =E41=T41 -> TRUE
A42: 41 | B42: Africa | C42: Northern Africa | D42: Morocco | E42: 🇲🇦 | F42: 38430770 | G42: 0.0092 | H42: 349597 | I42: 86 | J42: 446300 | K42: −56,254 | L42: 2.18 | M42: 29.8 | N42: 0.673 | O42: 0.0047 | R42: =VLOOKUP(D42,Сountries!V:Z,2,0) -> Africa | S42: =VLOOKUP(D42,Сountries!V:Z,3,0) -> Northern Africa | T42: =VLOOKUP(D42,Сountries!V:Z,5,0) -> 🇲🇦 | U42: =E42=T42 -> TRUE
A43: 42 | B43: Europe | C43: Eastern Europe | D43: Poland | E43: 🇵🇱 | F43: 38140910 | G43: −1.03% | H43: −398,291 | I43: 125 | J43: 306230 | K43: −330,820 | L43: 1.31 | M43: 42.5 | N43: 0.592 | O43: 0.0046 | R43: =VLOOKUP(D43,Сountries!V:Z,2,0) -> Europe | S43: =VLOOKUP(D43,Сountries!V:Z,3,0) -> Eastern Europe | T43: =VLOOKUP(D43,Сountries!V:Z,5,0) -> 🇵🇱 | U43: =E43=T43 -> TRUE
A44: 43 | B44: Asia | C44: Central Asia | D44: Uzbekistan | E44: 🇺🇿 | F44: 37053428 | G44: 0.019 | H44: 691569 | I44: 87 | J44: 425400 | K44: −6,987 | L44: 3.45 | M44: 27 | N44: 0.481 | O44: 0.0045 | R44: =VLOOKUP(D44,Сountries!V:Z,2,0) -> Asia | S44: =VLOOKUP(D44,Сountries!V:Z,3,0) -> Central Asia | T44: =VLOOKUP(D44,Сountries!V:Z,5,0) -> 🇺🇿 | U44: =E44=T44 -> TRUE
A45: 44 | B45: Asia | C45: South-Eastern Asia | D45: Malaysia | E45: 🇲🇾 | F45: 35977838 | G45: 0.0118 | H45: 420165 | I45: 110 | J45: 328550 | K45: 166615 | L45: 1.53 | M45: 31 | N45: 0.774 | O45: 0.0044 | R45: =VLOOKUP(D45,Сountries!V:Z,2,0) -> Asia | S45: =VLOOKUP(D45,Сountries!V:Z,3,0) -> South-Eastern Asia | T45: =VLOOKUP(D45,Сountries!V:Z,5,0) -> 🇲🇾 | U45: =E45=T45 -> TRUE
A46: 45 | B46: Africa | C46: Eastern Africa | D46: Mozambique | E46: 🇲🇿 | F46: 35631653 | G46: 0.0289 | H46: 999887 | I46: 45 | J46: 786380 | K46: −65,573 | L46: 4.62 | M46: 16.5 | N46: 0.416 | O46: 0.0043 | R46: =VLOOKUP(D46,Сountries!V:Z,2,0) -> Africa | S46: =VLOOKUP(D46,Сountries!V:Z,3,0) -> Eastern Africa | T46: =VLOOKUP(D46,Сountries!V:Z,5,0) -> 🇲🇿 | U46: =E46=T46 -> TRUE
A47: 46 | B47: Africa | C47: Western Africa | D47: Ghana | E47: 🇬🇭 | F47: 35064272 | G47: 0.0185 | H47: 636858 | I47: 154 | J47: 227540 | K47: −17,079 | L47: 3.3 | M47: 21.3 | N47: 0.586 | O47: 0.0043 | R47: =VLOOKUP(D47,Сountries!V:Z,2,0) -> Africa | S47: =VLOOKUP(D47,Сountries!V:Z,3,0) -> Western Africa | T47: =VLOOKUP(D47,Сountries!V:Z,5,0) -> 🇬🇭 | U47: =E47=T47 -> TRUE
A48: 47 | B48: America | C48: South America | D48: Peru | E48: 🇵🇪 | F48: 34576665 | G48: 0.0105 | H48: 358817 | I48: 27 | J48: 1280000 | K48: 11931 | L48: 1.94 | M48: 30.2 | N48: 0.806 | O48: 0.0042 | R48: =VLOOKUP(D48,Сountries!V:Z,2,0) -> America | S48: =VLOOKUP(D48,Сountries!V:Z,3,0) -> South America | T48: =VLOOKUP(D48,Сountries!V:Z,5,0) -> 🇵🇪 | U48: =E48=T48 -> TRUE
A49: 48 | B49: Asia | C49: Western Asia | D49: Saudi Arabia | E49: 🇸🇦 | F49: 34566328 | G49: 0.0178 | H49: 603571 | I49: 16 | J49: 2149690 | K49: 119738 | L49: 2.29 | M49: 29.6 | N49: 0.921 | O49: 0.0042 | R49: =VLOOKUP(D49,Сountries!V:Z,2,0) -> Asia | S49: =VLOOKUP(D49,Сountries!V:Z,3,0) -> Western Asia | T49: =VLOOKUP(D49,Сountries!V:Z,5,0) -> 🇸🇦 | U49: =E49=T49 -> TRUE
A50: 49 | B50: Africa | C50: Eastern Africa | D50: Madagascar | E50: 🇲🇬 | F50: 32740678 | G50: 0.0243 | H50: 775722 | I50: 56 | J50: 581795 | K50: −2,227 | L50: 3.85 | M50: 19.2 | N50: 0.403 | O50: 0.004 | R50: =VLOOKUP(D50,Сountries!V:Z,2,0) -> Africa | S50: =VLOOKUP(D50,Сountries!V:Z,3,0) -> Eastern Africa | T50: =VLOOKUP(D50,Сountries!V:Z,5,0) -> 🇲🇬 | U50: =E50=T50 -> TRUE
A51: 50 | B51: Africa | C51: Western Africa | D51: Côte d'Ivoire | E51: 🇨🇮 | F51: 32711547 | G51: 0.0243 | H51: 777317 | I51: 103 | J51: 318000 | K51: 11305 | L51: 4.17 | M51: 18.3 | N51: 0.49 | O51: 0.004 | R51: =VLOOKUP(D51,Сountries!V:Z,2,0) -> Africa | S51: =VLOOKUP(D51,Сountries!V:Z,3,0) -> Western Africa | T51: =VLOOKUP(D51,Сountries!V:Z,5,0) -> 🇨🇮 | U51: =E51=T51 -> TRUE
A52: 51 | B52: Africa | C52: Middle Africa | D52: Cameroon | E52: 🇨🇲 | F52: 29879337 | G52: 0.0259 | H52: 755593 | I52: 63 | J52: 472710 | K52: −15,379 | L52: 4.18 | M52: 18 | N52: 0.594 | O52: 0.0036 | R52: =VLOOKUP(D52,Сountries!V:Z,2,0) -> Africa | S52: =VLOOKUP(D52,Сountries!V:Z,3,0) -> Middle Africa | T52: =VLOOKUP(D52,Сountries!V:Z,5,0) -> 🇨🇲 | U52: =E52=T52 -> TRUE
A53: 52 | B53: Asia | C53: Southern Asia | D53: Nepal | E53: 🇳🇵 | F53: 29618118 | G53: −0.11% | H53: −32,936 | I53: 207 | J53: 143350 | K53: −364,699 | L53: 1.94 | M53: 25.3 | N53: 0.245 | O53: 0.0036 | R53: =VLOOKUP(D53,Сountries!V:Z,2,0) -> Asia | S53: =VLOOKUP(D53,Сountries!V:Z,3,0) -> Southern Asia | T53: =VLOOKUP(D53,Сountries!V:Z,5,0) -> 🇳🇵 | U53: =E53=T53 -> TRUE
A54: 53 | B54: America | C54: South America | D54: Venezuela | E54: 🇻🇪 | F54: 28516896 | G54: 0.0039 | H54: 111353 | I54: 32 | J54: 882050 | K54: −100,467 | L54: 2.06 | M54: 29.4 | O54: 0.0035 | R54: =VLOOKUP(D54,Сountries!V:Z,2,0) -> America | S54: =VLOOKUP(D54,Сountries!V:Z,3,0) -> South America | T54: =VLOOKUP(D54,Сountries!V:Z,5,0) -> 🇻🇪 | U54: =E54=T54 -> TRUE
A55: 54 | B55: Africa | C55: Western Africa | D55: Niger | E55: 🇳🇪 | F55: 27917831 | G55: 0.0328 | H55: 885419 | I55: 22 | J55: 1266700 | K55: −7,704 | L55: 5.79 | M55: 15.6 | N55: 0.182 | O55: 0.0034 | R55: =VLOOKUP(D55,Сountries!V:Z,2,0) -> Africa | S55: =VLOOKUP(D55,Сountries!V:Z,3,0) -> Western Africa | T55: =VLOOKUP(D55,Сountries!V:Z,5,0) -> 🇳🇪 | U55: =E55=T55 -> TRUE
A56: 55 | B56: Australia and New Zealand | C56: Australia and New Zealand | D56: Australia | E56: 🇦🇺 | F56: 26974026 | G56: 0.0098 | H56: 260821 | I56: 4 | J56: 7682300 | K56: 137109 | L56: 1.64 | M56: 38.3 | N56: 0.865 | O56: 0.0033 | R56: =VLOOKUP(D56,Сountries!V:Z,2,0) -> Australia and New Zealand | S56: =VLOOKUP(D56,Сountries!V:Z,3,0) -> Australia and New Zealand | T56: =VLOOKUP(D56,Сountries!V:Z,5,0) -> 🇦🇺 | U56: =E56=T56 -> TRUE
A57: 56 | B57: Asia | C57: Eastern Asia | D57: North Korea | E57: 🇰🇵 | F57: 26571036 | G57: 0.0027 | H57: 72213 | I57: 221 | J57: 120410 | K57: −2,787 | L57: 1.77 | M57: 36.5 | N57: 0.633 | O57: 0.0032 | R57: =VLOOKUP(D57,Сountries!V:Z,2,0) -> Asia | S57: =VLOOKUP(D57,Сountries!V:Z,3,0) -> Eastern Asia | T57: =VLOOKUP(D57,Сountries!V:Z,5,0) -> 🇰🇵 | U57: =E57=T57 -> TRUE
A58: 57 | B58: Asia | C58: Western Asia | D58: Syria | E58: 🇸🇾 | F58: 25620427 | G58: 0.0384 | H58: 947667 | I58: 140 | J58: 183630 | K58: 421693 | L58: 2.66 | M58: 23.3 | N58: 0.536 | O58: 0.0031 | R58: =VLOOKUP(D58,Сountries!V:Z,2,0) -> Asia | S58: =VLOOKUP(D58,Сountries!V:Z,3,0) -> Western Asia | T58: =VLOOKUP(D58,Сountries!V:Z,5,0) -> 🇸🇾 | U58: =E58=T58 -> TRUE
A59: 58 | B59: Africa | C59: Western Africa | D59: Mali | E59: 🇲🇱 | F59: 25198821 | G59: 0.0294 | H59: 720226 | I59: 21 | J59: 1220190 | K59: −48,019 | L59: 5.42 | M59: 15.7 | N59: 0.444 | O59: 0.0031 | R59: =VLOOKUP(D59,Сountries!V:Z,2,0) -> Africa | S59: =VLOOKUP(D59,Сountries!V:Z,3,0) -> Western Africa | T59: =VLOOKUP(D59,Сountries!V:Z,5,0) -> 🇲🇱 | U59: =E59=T59 -> TRUE
A60: 59 | B60: Africa | C60: Western Africa | D60: Burkina Faso | E60: 🇧🇫 | F60: 24074580 | G60: 0.0223 | H60: 525799 | I60: 88 | J60: 273600 | K60: −27,130 | L60: 4 | M60: 17.7 | N60: 0.337 | O60: 0.0029 | R60: =VLOOKUP(D60,Сountries!V:Z,2,0) -> Africa | S60: =VLOOKUP(D60,Сountries!V:Z,3,0) -> Western Africa | T60: =VLOOKUP(D60,Сountries!V:Z,5,0) -> 🇧🇫 | U60: =E60=T60 -> TRUE
A61: 60 | B61: Asia | C61: Southern Asia | D61: Sri Lanka | E61: 🇱🇰 | F61: 23229470 | G61: 0.0054 | H61: 125905 | I61: 370 | J61: 62710 | K61: −30,724 | L61: 1.94 | M61: 33.3 | N61: 0.181 | O61: 0.0028 | R61: =VLOOKUP(D61,Сountries!V:Z,2,0) -> Asia | S61: =VLOOKUP(D61,Сountries!V:Z,3,0) -> Southern Asia | T61: =VLOOKUP(D61,Сountries!V:Z,5,0) -> 🇱🇰 | U61: =E61=T61 -> TRUE
A62: 61 | B62: Asia | C62: Eastern Asia | D62: Taiwan | E62: 🇹🇼 | F62: 23112793 | G62: −0.44% | H62: −101,169 | I62: 653 | J62: 35410 | K62: −20,947 | L62: 0.86 | M62: 44.8 | N62: 0.84 | O62: 0.0028 | R62: =VLOOKUP(D62,Сountries!V:Z,2,0) -> Asia | S62: =VLOOKUP(D62,Сountries!V:Z,3,0) -> Eastern Asia | T62: =VLOOKUP(D62,Сountries!V:Z,5,0) -> 🇹🇼 | U62: =E62=T62 -> TRUE
A63: 62 | B63: Africa | C63: Eastern Africa | D63: Malawi | E63: 🇲🇼 | F63: 22216120 | G63: 0.0259 | H63: 560834 | I63: 236 | J63: 94280 | K63: −5,628 | L63: 3.53 | M63: 18.1 | N63: 0.198 | O63: 0.0027 | R63: =VLOOKUP(D63,Сountries!V:Z,2,0) -> Africa | S63: =VLOOKUP(D63,Сountries!V:Z,3,0) -> Eastern Africa | T63: =VLOOKUP(D63,Сountries!V:Z,5,0) -> 🇲🇼 | U63: =E63=T63 -> TRUE
A64: 63 | B64: Africa | C64: Eastern Africa | D64: Zambia | E64: 🇿🇲 | F64: 21913874 | G64: 0.0281 | H64: 598918 | I64: 29 | J64: 743390 | K64: 6562 | L64: 3.97 | M64: 17.9 | N64: 0.468 | O64: 0.0027 | R64: =VLOOKUP(D64,Сountries!V:Z,2,0) -> Africa | S64: =VLOOKUP(D64,Сountries!V:Z,3,0) -> Eastern Africa | T64: =VLOOKUP(D64,Сountries!V:Z,5,0) -> 🇿🇲 | U64: =E64=T64 -> TRUE
A65: 64 | B65: Africa | C65: Middle Africa | D65: Chad | E65: 🇹🇩 | F65: 21003705 | G65: 0.0347 | H65: 704582 | I65: 17 | J65: 1259200 | K65: −123,104 | L65: 5.94 | M65: 15.8 | N65: 0.224 | O65: 0.0026 | R65: =VLOOKUP(D65,Сountries!V:Z,2,0) -> Africa | S65: =VLOOKUP(D65,Сountries!V:Z,3,0) -> Middle Africa | T65: =VLOOKUP(D65,Сountries!V:Z,5,0) -> 🇹🇩 | U65: =E65=T65 -> TRUE
A66: 65 | B66: Asia | C66: Central Asia | D66: Kazakhstan | E66: 🇰🇿 | F66: 20843754 | G66: 0.0122 | H66: 251183 | I66: 8 | J66: 2699700 | K66: −8,834 | L66: 2.95 | M66: 29.7 | N66: 0.551 | O66: 0.0025 | R66: =VLOOKUP(D66,Сountries!V:Z,2,0) -> Asia | S66: =VLOOKUP(D66,Сountries!V:Z,3,0) -> Central Asia | T66: =VLOOKUP(D66,Сountries!V:Z,5,0) -> 🇰🇿 | U66: =E66=T66 -> TRUE
A67: 66 | B67: America | C67: South America | D67: Chile | E67: 🇨🇱 | F67: 19859921 | G67: 0.0048 | H67: 95150 | I67: 27 | J67: 743532 | K67: 51712 | L67: 1.13 | M67: 36.9 | N67: 0.848 | O67: 0.0024 | R67: =VLOOKUP(D67,Сountries!V:Z,2,0) -> America | S67: =VLOOKUP(D67,Сountries!V:Z,3,0) -> South America | T67: =VLOOKUP(D67,Сountries!V:Z,5,0) -> 🇨🇱 | U67: =E67=T67 -> TRUE
A68: 67 | B68: Africa | C68: Eastern Africa | D68: Somalia | E68: 🇸🇴 | F68: 19654739 | G68: 0.034 | H68: 645588 | I68: 31 | J68: 627340 | K68: 12077 | L68: 5.91 | M68: 15.6 | N68: 0.466 | O68: 0.0024 | R68: =VLOOKUP(D68,Сountries!V:Z,2,0) -> Africa | S68: =VLOOKUP(D68,Сountries!V:Z,3,0) -> Eastern Africa | T68: =VLOOKUP(D68,Сountries!V:Z,5,0) -> 🇸🇴 | U68: =E68=T68 -> TRUE
A69: 68 | B69: Africa | C69: Western Africa | D69: Senegal | E69: 🇸🇳 | F69: 18931966 | G69: 0.0232 | H69: 429982 | I69: 98 | J69: 192530 | K69: −12,636 | L69: 3.71 | M69: 19.6 | N69: 0.523 | O69: 0.0023 | R69: =VLOOKUP(D69,Сountries!V:Z,2,0) -> Africa | S69: =VLOOKUP(D69,Сountries!V:Z,3,0) -> Western Africa | T69: =VLOOKUP(D69,Сountries!V:Z,5,0) -> 🇸🇳 | U69: =E69=T69 -> TRUE
A70: 69 | B70: Europe | C70: Eastern Europe | D70: Romania | E70: 🇷🇴 | F70: 18908650 | G70: −0.56% | H70: −106,438 | I70: 82 | J70: 230170 | K70: −29,041 | L70: 1.71 | M70: 43.2 | N70: 0.552 | O70: 0.0023 | R70: =VLOOKUP(D70,Сountries!V:Z,2,0) -> Europe | S70: =VLOOKUP(D70,Сountries!V:Z,3,0) -> Eastern Europe | T70: =VLOOKUP(D70,Сountries!V:Z,5,0) -> 🇷🇴 | U70: =E70=T70 -> TRUE
A71: 70 | B71: America | C71: Central America | D71: Guatemala | E71: 🇬🇹 | F71: 18687881 | G71: 0.0153 | H71: 281522 | I71: 174 | J71: 107160 | K71: −7,959 | L71: 2.26 | M71: 23.4 | N71: 0.566 | O71: 0.0023 | R71: =VLOOKUP(D71,Сountries!V:Z,2,0) -> America | S71: =VLOOKUP(D71,Сountries!V:Z,3,0) -> Central America | T71: =VLOOKUP(D71,Сountries!V:Z,5,0) -> 🇬🇹 | U71: =E71=T71 -> TRUE
A72: 71 | B72: Europe | C72: Western Europe | D72: Netherlands | E72: 🇳🇱 | F72: 18346819 | G72: 0.0065 | H72: 118077 | I72: 544 | J72: 33720 | K72: 104681 | L72: 1.44 | M72: 41.5 | N72: 0.889 | O72: 0.0022 | R72: =VLOOKUP(D72,Сountries!V:Z,2,0) -> Europe | S72: =VLOOKUP(D72,Сountries!V:Z,3,0) -> Western Europe | T72: =VLOOKUP(D72,Сountries!V:Z,5,0) -> 🇳🇱 | U72: =E72=T72 -> TRUE
A73: 72 | B73: America | C73: South America | D73: Ecuador | E73: 🇪🇨 | F73: 18289896 | G73: 0.0085 | H73: 154418 | I73: 74 | J73: 248360 | K73: −17,219 | L73: 1.79 | M73: 29.3 | N73: 0.66 | O73: 0.0022 | R73: =VLOOKUP(D73,Сountries!V:Z,2,0) -> America | S73: =VLOOKUP(D73,Сountries!V:Z,3,0) -> South America | T73: =VLOOKUP(D73,Сountries!V:Z,5,0) -> 🇪🇨 | U73: =E73=T73 -> TRUE
A74: 73 | B74: Asia | C74: South-Eastern Asia | D74: Cambodia | E74: 🇰🇭 | F74: 17847982 | G74: 0.0119 | H74: 209181 | I74: 101 | J74: 176520 | K74: −31,469 | L74: 2.51 | M74: 26.2 | N74: 0.265 | O74: 0.0022 | R74: =VLOOKUP(D74,Сountries!V:Z,2,0) -> Asia | S74: =VLOOKUP(D74,Сountries!V:Z,3,0) -> South-Eastern Asia | T74: =VLOOKUP(D74,Сountries!V:Z,5,0) -> 🇰🇭 | U74: =E74=T74 -> TRUE
A75: 74 | B75: Africa | C75: Eastern Africa | D75: Zimbabwe | E75: 🇿🇼 | F75: 16950795 | G75: 0.019 | H75: 316422 | I75: 44 | J75: 386850 | K75: −54,555 | L75: 3.62 | M75: 18.1 | N75: 0.379 | O75: 0.0021 | R75: =VLOOKUP(D75,Сountries!V:Z,2,0) -> Africa | S75: =VLOOKUP(D75,Сountries!V:Z,3,0) -> Eastern Africa | T75: =VLOOKUP(D75,Сountries!V:Z,5,0) -> 🇿🇼 | U75: =E75=T75 -> TRUE
A76: 75 | B76: Africa | C76: Western Africa | D76: Guinea | E76: 🇬🇫 | F76: 15099727 | G76: 0.0234 | H76: 344942 | I76: 61 | J76: 245720 | K76: −16,282 | L76: 4.04 | M76: 18.3 | N76: 0.403 | O76: 0.0018 | R76: =VLOOKUP(D76,Сountries!V:Z,2,0) -> Africa | S76: =VLOOKUP(D76,Сountries!V:Z,3,0) -> Western Africa | T76: =VLOOKUP(D76,Сountries!V:Z,5,0) -> 🇬🇫 | U76: =E76=T76 -> TRUE
A77: 76 | B77: Africa | C77: Western Africa | D77: Benin | E77: 🇧🇯 | F77: 14814460 | G77: 0.0243 | H77: 351736 | I77: 131 | J77: 112760 | K77: −7,847 | L77: 4.42 | M77: 18 | N77: 0.478 | O77: 0.0018 | R77: =VLOOKUP(D77,Сountries!V:Z,2,0) -> Africa | S77: =VLOOKUP(D77,Сountries!V:Z,3,0) -> Western Africa | T77: =VLOOKUP(D77,Сountries!V:Z,5,0) -> 🇧🇯 | U77: =E77=T77 -> TRUE
A78: 77 | B78: Africa | C78: Eastern Africa | D78: Rwanda | E78: 🇷🇼 | F78: 14569341 | G78: 0.0219 | H78: 312774 | I78: 591 | J78: 24670 | K78: 6282 | L78: 3.59 | M78: 19.9 | N78: 0.183 | O78: 0.0018 | R78: =VLOOKUP(D78,Сountries!V:Z,2,0) -> Africa | S78: =VLOOKUP(D78,Сountries!V:Z,3,0) -> Eastern Africa | T78: =VLOOKUP(D78,Сountries!V:Z,5,0) -> 🇷🇼 | U78: =E78=T78 -> TRUE
A79: 78 | B79: Africa | C79: Eastern Africa | D79: Burundi | E79: 🇧🇮 | F79: 14390003 | G79: 0.0244 | H79: 342217 | I79: 560 | J79: 25680 | K79: −34,727 | L79: 4.67 | M79: 16.4 | N79: 0.149 | O79: 0.0017 | R79: =VLOOKUP(D79,Сountries!V:Z,2,0) -> Africa | S79: =VLOOKUP(D79,Сountries!V:Z,3,0) -> Eastern Africa | T79: =VLOOKUP(D79,Сountries!V:Z,5,0) -> 🇧🇮 | U79: =E79=T79 -> TRUE
A80: 79 | B80: America | C80: South America | D80: Bolivia | E80: 🇧🇴 | F80: 12581843 | G80: 0.0136 | H80: 168528 | I80: 12 | J80: 1083300 | K80: −3,179 | L80: 2.5 | M80: 25.2 | N80: 0.706 | O80: 0.0015 | R80: =VLOOKUP(D80,Сountries!V:Z,2,0) -> America | S80: =VLOOKUP(D80,Сountries!V:Z,3,0) -> South America | T80: =VLOOKUP(D80,Сountries!V:Z,5,0) -> 🇧🇴 | U80: =E80=T80 -> TRUE
A81: 80 | B81: Africa | C81: Northern Africa | D81: Tunisia | E81: 🇹🇳 | F81: 12348573 | G81: 0.0058 | H81: 71464 | I81: 79 | J81: 155360 | K81: −14,523 | L81: 1.8 | M81: 32.9 | N81: 0.717 | O81: 0.0015 | R81: =VLOOKUP(D81,Сountries!V:Z,2,0) -> Africa | S81: =VLOOKUP(D81,Сountries!V:Z,3,0) -> Northern Africa | T81: =VLOOKUP(D81,Сountries!V:Z,5,0) -> 🇹🇳 | U81: =E81=T81 -> TRUE
A82: 81 | B82: Africa | C82: Eastern Africa | D82: South Sudan | E82: 🇸🇸 | F82: 12188788 | G82: 0.0205 | H82: 245380 | I82: 20 | J82: 610952 | K82: 6145 | L82: 3.71 | M82: 18.7 | N82: 0.277 | O82: 0.0015 | R82: =VLOOKUP(D82,Сountries!V:Z,2,0) -> Africa | S82: =VLOOKUP(D82,Сountries!V:Z,3,0) -> Eastern Africa | T82: =VLOOKUP(D82,Сountries!V:Z,5,0) -> 🇸🇸 | U82: =E82=T82 -> TRUE
A83: 82 | B83: Oceania | C83: Caribbean | D83: Haiti | E83: 🇭🇹 | F83: 11906095 | G83: 0.0113 | H83: 133538 | I83: 432 | J83: 27560 | K83: −32,052 | L83: 2.59 | M83: 24.1 | N83: 0.617 | O83: 0.0014 | R83: =VLOOKUP(D83,Сountries!V:Z,2,0) -> Oceania | S83: =VLOOKUP(D83,Сountries!V:Z,3,0) -> Caribbean | T83: =VLOOKUP(D83,Сountries!V:Z,5,0) -> 🇭🇹 | U83: =E83=T83 -> TRUE
A84: 83 | B84: Europe | C84: Western Europe | D84: Belgium | E84: 🇧🇪 | F84: 11758603 | G84: 0.0017 | H84: 19840 | I84: 388 | J84: 30280 | K84: 31989 | L84: 1.39 | M84: 41.9 | N84: 0.988 | O84: 0.0014 | R84: =VLOOKUP(D84,Сountries!V:Z,2,0) -> Europe | S84: =VLOOKUP(D84,Сountries!V:Z,3,0) -> Western Europe | T84: =VLOOKUP(D84,Сountries!V:Z,5,0) -> 🇧🇪 | U84: =E84=T84 -> TRUE
A85: 84 | B85: Asia | C85: Western Asia | D85: Jordan | E85: 🇯🇴 | F85: 11520684 | G85: −0.28% | H85: −32,192 | I85: 130 | J85: 88780 | K85: −303,267 | L85: 2.57 | M85: 24.7 | N85: 0.851 | O85: 0.0014 | R85: =VLOOKUP(D85,Сountries!V:Z,2,0) -> Asia | S85: =VLOOKUP(D85,Сountries!V:Z,3,0) -> Western Asia | T85: =VLOOKUP(D85,Сountries!V:Z,5,0) -> 🇯🇴 | U85: =E85=T85 -> TRUE
A86: 85 | B86: Oceania | C86: Caribbean | D86: Dominican Republic | E86: 🇩🇴 | F86: 11520487 | G86: 0.0081 | H86: 92930 | I86: 238 | J86: 48320 | K86: −35,306 | L86: 2.19 | M86: 28.3 | N86: 0.864 | O86: 0.0014 | R86: =VLOOKUP(D86,Сountries!V:Z,2,0) -> Oceania | S86: =VLOOKUP(D86,Сountries!V:Z,3,0) -> Caribbean | T86: =VLOOKUP(D86,Сountries!V:Z,5,0) -> 🇩🇴 | U86: =E86=T86 -> TRUE
A87: 86 | B87: Asia | C87: Western Asia | D87: United Arab Emirates | E87: 🇦🇪 | F87: 11346000 | G87: 0.0289 | H87: 318871 | I87: 136 | J87: 83600 | K87: 158634 | L87: 1.21 | M87: 31.6 | N87: 0.811 | O87: 0.0014 | R87: =VLOOKUP(D87,Сountries!V:Z,2,0) -> Asia | S87: =VLOOKUP(D87,Сountries!V:Z,3,0) -> Western Asia | T87: =VLOOKUP(D87,Сountries!V:Z,5,0) -> 🇦🇪 | U87: =E87=T87 -> TRUE
A88: 87 | B88: America | C88: Central America | D88: Honduras | E88: 🇭🇳 | F88: 11005850 | G88: 0.0166 | H88: 180147 | I88: 98 | J88: 111890 | K88: −4,778 | L88: 2.45 | M88: 24.2 | N88: 0.583 | O88: 0.0013 | R88: =VLOOKUP(D88,Сountries!V:Z,2,0) -> America | S88: =VLOOKUP(D88,Сountries!V:Z,3,0) -> Central America | T88: =VLOOKUP(D88,Сountries!V:Z,5,0) -> 🇭🇳 | U88: =E88=T88 -> TRUE
A89: 88 | B89: Oceania | C89: Caribbean | D89: Cuba | E89: 🇨🇺 | F89: 10937203 | G89: −0.39% | H89: −42,580 | I89: 103 | J89: 106440 | K89: −22,244 | L89: 1.45 | M89: 42.2 | N89: 0.819 | O89: 0.0013 | R89: =VLOOKUP(D89,Сountries!V:Z,2,0) -> Oceania | S89: =VLOOKUP(D89,Сountries!V:Z,3,0) -> Caribbean | T89: =VLOOKUP(D89,Сountries!V:Z,5,0) -> 🇨🇺 | U89: =E89=T89 -> TRUE
A90: 89 | B90: Asia | C90: Central Asia | D90: Tajikistan | E90: 🇹🇯 | F90: 10786734 | G90: 0.0185 | H90: 195807 | I90: 77 | J90: 139960 | K90: −21,606 | L90: 2.99 | M90: 22.2 | N90: 0.277 | O90: 0.0013 | R90: =VLOOKUP(D90,Сountries!V:Z,2,0) -> Asia | S90: =VLOOKUP(D90,Сountries!V:Z,3,0) -> Central Asia | T90: =VLOOKUP(D90,Сountries!V:Z,5,0) -> 🇹🇯 | U90: =E90=T90 -> TRUE
A91: 90 | B91: Oceania | C91: Melanesia | D91: Papua New Guinea | E91: 🇵🇬 | F91: 10762817 | G91: 0.0176 | H91: 186315 | I91: 24 | J91: 452860 | K91: −284 | L91: 3.03 | M91: 22.8 | N91: 0.126 | O91: 0.0013 | R91: =VLOOKUP(D91,Сountries!V:Z,2,0) -> Oceania | S91: =VLOOKUP(D91,Сountries!V:Z,3,0) -> Melanesia | T91: =VLOOKUP(D91,Сountries!V:Z,5,0) -> 🇵🇬 | U91: =E91=T91 -> TRUE
A92: 91 | B92: Europe | C92: Northern Europe | D92: Sweden | E92: 🇸🇪 | F92: 10656633 | G92: 0.0047 | H92: 49634 | I92: 26 | J92: 410340 | K92: 47079 | L92: 1.44 | M92: 40.3 | N92: 0.874 | O92: 0.0013 | R92: =VLOOKUP(D92,Сountries!V:Z,2,0) -> Europe | S92: =VLOOKUP(D92,Сountries!V:Z,3,0) -> Northern Europe | T92: =VLOOKUP(D92,Сountries!V:Z,5,0) -> 🇸🇪 | U92: =E92=T92 -> TRUE
A93: 92 | B93: Europe | C93: Eastern Europe | D93: Czech Republic | E93: 🇨🇿 | F93: 10609239 | G93: −1.18% | H93: −126,620 | I93: 137 | J93: 77240 | K93: −112,188 | L93: 1.47 | M93: 43.8 | N93: 0.75 | O93: 0.0013 | R93: =VLOOKUP(D93,Сountries!V:Z,2,0) -> Europe | S93: =VLOOKUP(D93,Сountries!V:Z,3,0) -> Eastern Europe | T93: =VLOOKUP(D93,Сountries!V:Z,5,0) -> 🇨🇿 | U93: =E93=T93 -> TRUE
A94: 93 | B94: Europe | C94: Southern Europe | D94: Portugal | E94: 🇵🇹 | F94: 10411834 | G94: −0.13% | H94: −13,458 | I94: 114 | J94: 91590 | K94: 16472 | L94: 1.52 | M94: 46.9 | N94: 0.665 | O94: 0.0013 | R94: =VLOOKUP(D94,Сountries!V:Z,2,0) -> Europe | S94: =VLOOKUP(D94,Сountries!V:Z,3,0) -> Southern Europe | T94: =VLOOKUP(D94,Сountries!V:Z,5,0) -> 🇵🇹 | U94: =E94=T94 -> TRUE
A95: 94 | B95: Asia | C95: Western Asia | D95: Azerbaijan | E95: 🇦🇿 | F95: 10397713 | G95: 0.0059 | H95: 61136 | I95: 126 | J95: 82658 | K95: 8731 | L95: 1.67 | M95: 33.6 | N95: 0.587 | O95: 0.0013 | R95: =VLOOKUP(D95,Сountries!V:Z,2,0) -> Asia | S95: =VLOOKUP(D95,Сountries!V:Z,3,0) -> Western Asia | T95: =VLOOKUP(D95,Сountries!V:Z,5,0) -> 🇦🇿 | U95: =E95=T95 -> TRUE
A96: 95 | B96: Europe | C96: Southern Europe | D96: Greece | E96: 🇬🇷 | F96: 9938844 | G96: −1.08% | H96: −108,973 | I96: 77 | J96: 128900 | K96: 16636 | L96: 1.34 | M96: 46.8 | N96: 0.895 | O96: 0.0012 | R96: =VLOOKUP(D96,Сountries!V:Z,2,0) -> Europe | S96: =VLOOKUP(D96,Сountries!V:Z,3,0) -> Southern Europe | T96: =VLOOKUP(D96,Сountries!V:Z,5,0) -> 🇬🇷 | U96: =E96=T96 -> TRUE
A97: 96 | B97: Africa | C97: Western Africa | D97: Togo | E97: 🇹🇬 | F97: 9721608 | G97: 0.0217 | H97: 206372 | I97: 179 | J97: 54390 | K97: −15,010 | L97: 4.07 | M97: 19.1 | N97: 0.442 | O97: 0.0012 | R97: =VLOOKUP(D97,Сountries!V:Z,2,0) -> Africa | S97: =VLOOKUP(D97,Сountries!V:Z,3,0) -> Western Africa | T97: =VLOOKUP(D97,Сountries!V:Z,5,0) -> 🇹🇬 | U97: =E97=T97 -> TRUE
A98: 97 | B98: Europe | C98: Eastern Europe | D98: Hungary | E98: 🇭🇺 | F98: 9632287 | G98: −0.45% | H98: −43,848 | I98: 106 | J98: 90530 | K98: −16,331 | L98: 1.5 | M98: 43.9 | N98: 0.72 | O98: 0.0012 | R98: =VLOOKUP(D98,Сountries!V:Z,2,0) -> Europe | S98: =VLOOKUP(D98,Сountries!V:Z,3,0) -> Eastern Europe | T98: =VLOOKUP(D98,Сountries!V:Z,5,0) -> 🇭🇺 | U98: =E98=T98 -> TRUE
A99: 98 | B99: Asia | C99: Western Asia | D99: Israel | E99: 🇮🇱 | F99: 9517181 | G99: 0.0139 | H99: 130160 | I99: 440 | J99: 21640 | K99: 11466 | L99: 2.75 | M99: 29.2 | N99: 0.914 | O99: 0.0012 | R99: =VLOOKUP(D99,Сountries!V:Z,2,0) -> Asia | S99: =VLOOKUP(D99,Сountries!V:Z,3,0) -> Western Asia | T99: =VLOOKUP(D99,Сountries!V:Z,5,0) -> 🇮🇱 | U99: =E99=T99 -> TRUE
A100: 99 | B100: Europe | C100: Western Europe | D100: Austria | E100: 🇦🇹 | F100: 9113574 | G100: −0.08% | H100: −7,239 | I100: 111 | J100: 82409 | K100: 11254 | L100: 1.33 | M100: 43.6 | N100: 0.586 | O100: 0.0011 | R100: =VLOOKUP(D100,Сountries!V:Z,2,0) -> Europe | S100: =VLOOKUP(D100,Сountries!V:Z,3,0) -> Western Europe | T100: =VLOOKUP(D100,Сountries!V:Z,5,0) -> 🇦🇹 | U100: =E100=T100 -> TRUE
...

Sheet pupulationWorld
A1: # | B1: Country | C1: Population -2025 | D1: World Share | E1: Yearly Change | F1: Net Change | G1: Density (P/Km²) | H1: Land Area (Km²) | I1: Migrants (net) | J1: Fert. Rate | K1: Median Age | L1: Urban Pop %
A2: 1 | B2: India | C2: 1463865525 | D2: 0.1778 | E2: 0.0089 | F2: 12929734 | G2: 492 | H2: 2973190 | I2: −495,753 | J2: 1.94 | K2: 28.8 | L2: 0.371
A3: 2 | B3: China | C3: 1416096094 | D3: 0.172 | E3: −0.23% | F3: −3,225,184 | G3: 151 | H3: 9388211 | I3: −268,126 | J3: 1.02 | K3: 40.1 | L3: 0.675
A4: 3 | B4: United States | C4: 347275807 | D4: 0.0422 | E4: 0.0054 | F4: 1849236 | G4: 38 | H4: 9147420 | I4: 1230663 | J4: 1.62 | K4: 38.5 | L4: 0.828
A5: 4 | B5: Indonesia | C5: 285721236 | D5: 0.0347 | E5: 0.0079 | F5: 2233305 | G5: 158 | H5: 1811570 | I5: −39,509 | J5: 2.1 | K5: 30.4 | L5: 0.596
A6: 5 | B6: Pakistan | C6: 255219554 | D6: 0.031 | E6: 0.0157 | F6: 3950390 | G6: 331 | H6: 770880 | I6: −1,235,336 | J6: 3.5 | K6: 20.6 | L6: 0.344
A7: 6 | B7: Nigeria | C7: 237527782 | D7: 0.0289 | E7: 0.0208 | F7: 4848304 | G7: 261 | H7: 910770 | I7: −15,258 | J7: 4.3 | K7: 18.1 | L7: 0.549
A8: 7 | B8: Brazil | C8: 212812405 | D8: 0.0259 | E8: 0.0038 | F8: 813832 | G8: 25 | H8: 8358140 | I8: −217,283 | J8: 1.6 | K8: 34.8 | L8: 0.914
A9: 8 | B9: Bangladesh | C9: 175686899 | D9: 0.0213 | E9: 0.0122 | F9: 2124535 | G9: 1350 | H9: 130170 | I9: −402,100 | J9: 2.11 | K9: 26 | L9: 0.426
A10: 9 | B10: Russia | C10: 143997393 | D10: 0.0175 | E10: −0.57% | F10: −823,030 | G10: 9 | H10: 16376870 | I10: −251,822 | J10: 1.47 | K10: 40.3 | L10: 0.75
A11: 10 | B11: Ethiopia | C11: 135472051 | D11: 0.0165 | E11: 0.0258 | F11: 3412284 | G11: 135 | H11: 1000000 | I11: 24054 | J11: 3.81 | K11: 19.1 | L11: 0.225
A12: 11 | B12: Mexico | C12: 131946900 | D12: 0.016 | E12: 0.0083 | F12: 1085893 | G12: 68 | H12: 1943950 | I12: −108,037 | J12: 1.87 | K12: 29.6 | L12: 0.879
A13: 12 | B13: Japan | C13: 123103479 | D13: 0.015 | E13: −0.52% | F13: −649,562 | G13: 338 | H13: 364555 | I13: 140579 | J13: 1.23 | K13: 49.8 | L13: 0.931
A14: 13 | B14: Egypt | C14: 118365995 | D14: 0.0144 | E14: 0.0157 | F14: 1827737 | G14: 119 | H14: 995450 | I14: −57,305 | J14: 2.71 | K14: 24.5 | L14: 0.409
A15: 14 | B15: Philippines | C15: 116786962 | D15: 0.0142 | E15: 0.0081 | F15: 943292 | G15: 392 | H15: 298170 | I15: −149,315 | J15: 1.88 | K15: 26.1 | L15: 0.493
A16: 15 | B16: DR Congo | C16: 112832473 | D16: 0.0137 | E16: 0.0325 | F16: 3556208 | G16: 50 | H16: 2267050 | I16: −27,309 | J16: 5.9 | K16: 15.8 | L16: 0.45
A17: 16 | B17: Vietnam | C17: 101598527 | D17: 0.0123 | E17: 0.006 | F17: 610841 | G17: 328 | H17: 310070 | I17: −48,171 | J17: 1.88 | K17: 33.4 | L17: 0.414
A18: 17 | B18: Iran | C18: 92417681 | D18: 0.0112 | E18: 0.0093 | F18: 849943 | G18: 57 | H18: 1628550 | I18: 116786 | J18: 1.67 | K18: 34 | L18: 0.733
A19: 18 | B19: Turkey | C19: 87685426 | D19: 0.0107 | E19: 0.0024 | F19: 211621 | G19: 114 | H19: 769630 | I19: −258,205 | J19: 1.62 | K19: 33.5 | L19: 0.769
A20: 19 | B20: Germany | C20: 84075075 | D20: 0.0102 | E20: −0.56% | F20: −477,167 | G20: 241 | H20: 348560 | I20: −334,072 | J20: 1.46 | K20: 45.5 | L20: 0.765
A21: 20 | B21: Thailand | C21: 71619863 | D21: 0.0087 | E21: −0.07% | F21: −48,148 | G21: 140 | H21: 510890 | I21: 27509 | J21: 1.2 | K21: 40.6 | L21: 0.535
A22: 21 | B22: Tanzania | C22: 70545865 | D22: 0.0086 | E22: 0.029 | F22: 1985708 | G22: 80 | H22: 885800 | I22: −12,730 | J22: 4.47 | K22: 17.5 | L22: 0.4
A23: 22 | B23: United Kingdom | C23: 69551332 | D23: 0.0084 | E23: 0.006 | F23: 413140 | G23: 287 | H23: 241930 | I23: 389911 | J23: 1.54 | K23: 40.1 | L23: 0.845
A24: 23 | B24: France | C24: 66650804 | D24: 0.0081 | E24: 0.0015 | F24: 102274 | G24: 122 | H24: 547557 | I24: 91737 | J24: 1.64 | K24: 42.3 | L24: 0.825
A25: 24 | B25: South Africa | C25: 64747319 | D25: 0.0079 | E25: 0.0116 | F25: 740132 | G25: 53 | H25: 1213090 | I25: 146370 | J25: 2.19 | K25: 28.7 | L25: 0.666
A26: 25 | B26: Italy | C26: 59146260 | D26: 0.0072 | E26: −0.33% | F26: −196,607 | G26: 201 | H26: 294140 | I26: 75448 | J26: 1.21 | K26: 48.2 | L26: 0.72
A27: 26 | B27: Kenya | C27: 57532493 | D27: 0.007 | E27: 0.0195 | F27: 1099549 | G27: 101 | H27: 569140 | I27: −27,330 | J27: 3.12 | K27: 20 | L27: 0.319
A28: 27 | B28: Myanmar | C28: 54850648 | D28: 0.0067 | E28: 0.0064 | F28: 350557 | G28: 84 | H28: 653290 | I28: −39,661 | J28: 2.08 | K28: 30.1 | L28: 0.341
A29: 28 | B29: Colombia | C29: 53425635 | D29: 0.0065 | E29: 0.0102 | F29: 539272 | G29: 48 | H29: 1109500 | I29: 129139 | J29: 1.62 | K29: 32.5 | L29: 0.805
A30: 29 | B30: South Korea | C30: 51667029 | D30: 0.0063 | E30: −0.1% | F30: −50,561 | G30: 531 | H30: 97230 | I30: 65731 | J30: 0.75 | K30: 45.6 | L30: 0.824
A31: 30 | B31: Sudan | C31: 51662147 | D31: 0.0063 | E31: 0.024 | F31: 1213184 | G31: 29 | H31: 1765048 | I31: 291469 | J31: 4.19 | K31: 18.5 | L31: 0.353
A32: 31 | B32: Uganda | C32: 51384894 | D32: 0.0062 | E32: 0.0274 | F32: 1369802 | G32: 257 | H32: 199810 | I32: −119,059 | J32: 4.06 | K32: 16.9 | L32: 0.3
A33: 32 | B33: Spain | C33: 47889958 | D33: 0.0058 | E33: −0.04% | F33: −20,568 | G33: 96 | H33: 498800 | I33: 96630 | J33: 1.23 | K33: 45.9 | L33: 0.793
A34: 33 | B34: Algeria | C34: 47435312 | D34: 0.0058 | E34: 0.0133 | F34: 621004 | G34: 20 | H34: 2381740 | I34: −27,531 | J34: 2.67 | K34: 28.6 | L34: 0.744
A35: 34 | B35: Iraq | C35: 47020774 | D35: 0.0057 | E35: 0.0213 | F35: 978759 | G35: 108 | H35: 434320 | I35: −1,064 | J35: 3.17 | K35: 20.8 | L35: 0.724
A36: 35 | B36: Argentina | C36: 45851378 | D36: 0.0056 | E36: 0.0034 | F36: 155219 | G36: 17 | H36: 2736690 | I36: 2859 | J36: 1.5 | K36: 32.9 | L36: 0.96
A37: 36 | B37: Afghanistan | C37: 43844111 | D37: 0.0053 | E37: 0.0281 | F37: 1196619 | G37: 67 | H37: 652860 | I37: −74,404 | J37: 4.66 | K37: 17.3 | L37: 0.267
A38: 37 | B38: Yemen | C38: 41773878 | D38: 0.0051 | E38: 0.0293 | F38: 1190714 | G38: 79 | H38: 527970 | I38: −16,291 | J38: 4.41 | K38: 18.4 | L38: 0.33
A39: 38 | B39: Canada | C39: 40126723 | D39: 0.0049 | E39: 0.0097 | F39: 384293 | G39: 4 | H39: 9093510 | I39: 326204 | J39: 1.33 | K39: 40.6 | L39: 0.802
A40: 39 | B40: Angola | C40: 39040039 | D40: 0.0047 | E40: 0.0305 | F40: 1154190 | G40: 31 | H40: 1246700 | I40: −3,524 | J40: 4.95 | K40: 16.6 | L40: 0.688
A41: 40 | B41: Ukraine | C41: 38980376 | D41: 0.0047 | E41: 0.0296 | F41: 1120155 | G41: 67 | H41: 579320 | I41: 1702358 | J41: 1 | K41: 41.8 | L41: 0.768
A42: 41 | B42: Morocco | C42: 38430770 | D42: 0.0047 | E42: 0.0092 | F42: 349597 | G42: 86 | H42: 446300 | I42: −56,254 | J42: 2.18 | K42: 29.8 | L42: 0.673
A43: 42 | B43: Poland | C43: 38140910 | D43: 0.0046 | E43: −1.03% | F43: −398,291 | G43: 125 | H43: 306230 | I43: −330,820 | J43: 1.31 | K43: 42.5 | L43: 0.592
A44: 43 | B44: Uzbekistan | C44: 37053428 | D44: 0.0045 | E44: 0.019 | F44: 691569 | G44: 87 | H44: 425400 | I44: −6,987 | J44: 3.45 | K44: 27 | L44: 0.481
A45: 44 | B45: Malaysia | C45: 35977838 | D45: 0.0044 | E45: 0.0118 | F45: 420165 | G45: 110 | H45: 328550 | I45: 166615 | J45: 1.53 | K45: 31 | L45: 0.774
A46: 45 | B46: Mozambique | C46: 35631653 | D46: 0.0043 | E46: 0.0289 | F46: 999887 | G46: 45 | H46: 786380 | I46: −65,573 | J46: 4.62 | K46: 16.5 | L46: 0.416
A47: 46 | B47: Ghana | C47: 35064272 | D47: 0.0043 | E47: 0.0185 | F47: 636858 | G47: 154 | H47: 227540 | I47: −17,079 | J47: 3.3 | K47: 21.3 | L47: 0.586
A48: 47 | B48: Peru | C48: 34576665 | D48: 0.0042 | E48: 0.0105 | F48: 358817 | G48: 27 | H48: 1280000 | I48: 11931 | J48: 1.94 | K48: 30.2 | L48: 0.806
A49: 48 | B49: Saudi Arabia | C49: 34566328 | D49: 0.0042 | E49: 0.0178 | F49: 603571 | G49: 16 | H49: 2149690 | I49: 119738 | J49: 2.29 | K49: 29.6 | L49: 0.921
A50: 49 | B50: Madagascar | C50: 32740678 | D50: 0.004 | E50: 0.0243 | F50: 775722 | G50: 56 | H50: 581795 | I50: −2,227 | J50: 3.85 | K50: 19.2 | L50: 0.403
A51: 50 | B51: Côte d'Ivoire | C51: 32711547 | D51: 0.004 | E51: 0.0243 | F51: 777317 | G51: 103 | H51: 318000 | I51: 11305 | J51: 4.17 | K51: 18.3 | L51: 0.49
A52: 51 | B52: Cameroon | C52: 29879337 | D52: 0.0036 | E52: 0.0259 | F52: 755593 | G52: 63 | H52: 472710 | I52: −15,379 | J52: 4.18 | K52: 18 | L52: 0.594
A53: 52 | B53: Nepal | C53: 29618118 | D53: 0.0036 | E53: −0.11% | F53: −32,936 | G53: 207 | H53: 143350 | I53: −364,699 | J53: 1.94 | K53: 25.3 | L53: 0.245
A54: 53 | B54: Venezuela | C54: 28516896 | D54: 0.0035 | E54: 0.0039 | F54: 111353 | G54: 32 | H54: 882050 | I54: −100,467 | J54: 2.06 | K54: 29.4
A55: 54 | B55: Niger | C55: 27917831 | D55: 0.0034 | E55: 0.0328 | F55: 885419 | G55: 22 | H55: 1266700 | I55: −7,704 | J55: 5.79 | K55: 15.6 | L55: 0.182
A56: 55 | B56: Australia | C56: 26974026 | D56: 0.0033 | E56: 0.0098 | F56: 260821 | G56: 4 | H56: 7682300 | I56: 137109 | J56: 1.64 | K56: 38.3 | L56: 0.865
A57: 56 | B57: North Korea | C57: 26571036 | D57: 0.0032 | E57: 0.0027 | F57: 72213 | G57: 221 | H57: 120410 | I57: −2,787 | J57: 1.77 | K57: 36.5 | L57: 0.633
A58: 57 | B58: Syria | C58: 25620427 | D58: 0.0031 | E58: 0.0384 | F58: 947667 | G58: 140 | H58: 183630 | I58: 421693 | J58: 2.66 | K58: 23.3 | L58: 0.536
A59: 58 | B59: Mali | C59: 25198821 | D59: 0.0031 | E59: 0.0294 | F59: 720226 | G59: 21 | H59: 1220190 | I59: −48,019 | J59: 5.42 | K59: 15.7 | L59: 0.444
A60: 59 | B60: Burkina Faso | C60: 24074580 | D60: 0.0029 | E60: 0.0223 | F60: 525799 | G60: 88 | H60: 273600 | I60: −27,130 | J60: 4 | K60: 17.7 | L60: 0.337
A61: 60 | B61: Sri Lanka | C61: 23229470 | D61: 0.0028 | E61: 0.0054 | F61: 125905 | G61: 370 | H61: 62710 | I61: −30,724 | J61: 1.94 | K61: 33.3 | L61: 0.181
A62: 61 | B62: Taiwan | C62: 23112793 | D62: 0.0028 | E62: −0.44% | F62: −101,169 | G62: 653 | H62: 35410 | I62: −20,947 | J62: 0.86 | K62: 44.8 | L62: 0.84
A63: 62 | B63: Malawi | C63: 22216120 | D63: 0.0027 | E63: 0.0259 | F63: 560834 | G63: 236 | H63: 94280 | I63: −5,628 | J63: 3.53 | K63: 18.1 | L63: 0.198
A64: 63 | B64: Zambia | C64: 21913874 | D64: 0.0027 | E64: 0.0281 | F64: 598918 | G64: 29 | H64: 743390 | I64: 6562 | J64: 3.97 | K64: 17.9 | L64: 0.468
A65: 64 | B65: Chad | C65: 21003705 | D65: 0.0026 | E65: 0.0347 | F65: 704582 | G65: 17 | H65: 1259200 | I65: −123,104 | J65: 5.94 | K65: 15.8 | L65: 0.224
A66: 65 | B66: Kazakhstan | C66: 20843754 | D66: 0.0025 | E66: 0.0122 | F66: 251183 | G66: 8 | H66: 2699700 | I66: −8,834 | J66: 2.95 | K66: 29.7 | L66: 0.551
A67: 66 | B67: Chile | C67: 19859921 | D67: 0.0024 | E67: 0.0048 | F67: 95150 | G67: 27 | H67: 743532 | I67: 51712 | J67: 1.13 | K67: 36.9 | L67: 0.848
A68: 67 | B68: Somalia | C68: 19654739 | D68: 0.0024 | E68: 0.034 | F68: 645588 | G68: 31 | H68: 627340 | I68: 12077 | J68: 5.91 | K68: 15.6 | L68: 0.466
A69: 68 | B69: Senegal | C69: 18931966 | D69: 0.0023 | E69: 0.0232 | F69: 429982 | G69: 98 | H69: 192530 | I69: −12,636 | J69: 3.71 | K69: 19.6 | L69: 0.523
A70: 69 | B70: Romania | C70: 18908650 | D70: 0.0023 | E70: −0.56% | F70: −106,438 | G70: 82 | H70: 230170 | I70: −29,041 | J70: 1.71 | K70: 43.2 | L70: 0.552
A71: 70 | B71: Guatemala | C71: 18687881 | D71: 0.0023 | E71: 0.0153 | F71: 281522 | G71: 174 | H71: 107160 | I71: −7,959 | J71: 2.26 | K71: 23.4 | L71: 0.566
A72: 71 | B72: Netherlands | C72: 18346819 | D72: 0.0022 | E72: 0.0065 | F72: 118077 | G72: 544 | H72: 33720 | I72: 104681 | J72: 1.44 | K72: 41.5 | L72: 0.889
A73: 72 | B73: Ecuador | C73: 18289896 | D73: 0.0022 | E73: 0.0085 | F73: 154418 | G73: 74 | H73: 248360 | I73: −17,219 | J73: 1.79 | K73: 29.3 | L73: 0.66
A74: 73 | B74: Cambodia | C74: 17847982 | D74: 0.0022 | E74: 0.0119 | F74: 209181 | G74: 101 | H74: 176520 | I74: −31,469 | J74: 2.51 | K74: 26.2 | L74: 0.265
A75: 74 | B75: Zimbabwe | C75: 16950795 | D75: 0.0021 | E75: 0.019 | F75: 316422 | G75: 44 | H75: 386850 | I75: −54,555 | J75: 3.62 | K75: 18.1 | L75: 0.379
A76: 75 | B76: Guinea | C76: 15099727 | D76: 0.0018 | E76: 0.0234 | F76: 344942 | G76: 61 | H76: 245720 | I76: −16,282 | J76: 4.04 | K76: 18.3 | L76: 0.403
A77: 76 | B77: Benin | C77: 14814460 | D77: 0.0018 | E77: 0.0243 | F77: 351736 | G77: 131 | H77: 112760 | I77: −7,847 | J77: 4.42 | K77: 18 | L77: 0.478
A78: 77 | B78: Rwanda | C78: 14569341 | D78: 0.0018 | E78: 0.0219 | F78: 312774 | G78: 591 | H78: 24670 | I78: 6282 | J78: 3.59 | K78: 19.9 | L78: 0.183
A79: 78 | B79: Burundi | C79: 14390003 | D79: 0.0017 | E79: 0.0244 | F79: 342217 | G79: 560 | H79: 25680 | I79: −34,727 | J79: 4.67 | K79: 16.4 | L79: 0.149
A80: 79 | B80: Bolivia | C80: 12581843 | D80: 0.0015 | E80: 0.0136 | F80: 168528 | G80: 12 | H80: 1083300 | I80: −3,179 | J80: 2.5 | K80: 25.2 | L80: 0.706
A81: 80 | B81: Tunisia | C81: 12348573 | D81: 0.0015 | E81: 0.0058 | F81: 71464 | G81: 79 | H81: 155360 | I81: −14,523 | J81: 1.8 | K81: 32.9 | L81: 0.717
A82: 81 | B82: South Sudan | C82: 12188788 | D82: 0.0015 | E82: 0.0205 | F82: 245380 | G82: 20 | H82: 610952 | I82: 6145 | J82: 3.71 | K82: 18.7 | L82: 0.277
A83: 82 | B83: Haiti | C83: 11906095 | D83: 0.0014 | E83: 0.0113 | F83: 133538 | G83: 432 | H83: 27560 | I83: −32,052 | J83: 2.59 | K83: 24.1 | L83: 0.617
A84: 83 | B84: Belgium | C84: 11758603 | D84: 0.0014 | E84: 0.0017 | F84: 19840 | G84: 388 | H84: 30280 | I84: 31989 | J84: 1.39 | K84: 41.9 | L84: 0.988
A85: 84 | B85: Jordan | C85: 11520684 | D85: 0.0014 | E85: −0.28% | F85: −32,192 | G85: 130 | H85: 88780 | I85: −303,267 | J85: 2.57 | K85: 24.7 | L85: 0.851
A86: 85 | B86: Dominican Republic | C86: 11520487 | D86: 0.0014 | E86: 0.0081 | F86: 92930 | G86: 238 | H86: 48320 | I86: −35,306 | J86: 2.19 | K86: 28.3 | L86: 0.864
A87: 86 | B87: United Arab Emirates | C87: 11346000 | D87: 0.0014 | E87: 0.0289 | F87: 318871 | G87: 136 | H87: 83600 | I87: 158634 | J87: 1.21 | K87: 31.6 | L87: 0.811
A88: 87 | B88: Honduras | C88: 11005850 | D88: 0.0013 | E88: 0.0166 | F88: 180147 | G88: 98 | H88: 111890 | I88: −4,778 | J88: 2.45 | K88: 24.2 | L88: 0.583
A89: 88 | B89: Cuba | C89: 10937203 | D89: 0.0013 | E89: −0.39% | F89: −42,580 | G89: 103 | H89: 106440 | I89: −22,244 | J89: 1.45 | K89: 42.2 | L89: 0.819
A90: 89 | B90: Tajikistan | C90: 10786734 | D90: 0.0013 | E90: 0.0185 | F90: 195807 | G90: 77 | H90: 139960 | I90: −21,606 | J90: 2.99 | K90: 22.2 | L90: 0.277
A91: 90 | B91: Papua New Guinea | C91: 10762817 | D91: 0.0013 | E91: 0.0176 | F91: 186315 | G91: 24 | H91: 452860 | I91: −284 | J91: 3.03 | K91: 22.8 | L91: 0.126
A92: 91 | B92: Sweden | C92: 10656633 | D92: 0.0013 | E92: 0.0047 | F92: 49634 | G92: 26 | H92: 410340 | I92: 47079 | J92: 1.44 | K92: 40.3 | L92: 0.874
A93: 92 | B93: Czech Republic (Czechia) | C93: 10609239 | D93: 0.0013 | E93: −1.18% | F93: −126,620 | G93: 137 | H93: 77240 | I93: −112,188 | J93: 1.47 | K93: 43.8 | L93: 0.75
A94: 93 | B94: Portugal | C94: 10411834 | D94: 0.0013 | E94: −0.13% | F94: −13,458 | G94: 114 | H94: 91590 | I94: 16472 | J94: 1.52 | K94: 46.9 | L94: 0.665
A95: 94 | B95: Azerbaijan | C95: 10397713 | D95: 0.0013 | E95: 0.0059 | F95: 61136 | G95: 126 | H95: 82658 | I95: 8731 | J95: 1.67 | K95: 33.6 | L95: 0.587
A96: 95 | B96: Greece | C96: 9938844 | D96: 0.0012 | E96: −1.08% | F96: −108,973 | G96: 77 | H96: 128900 | I96: 16636 | J96: 1.34 | K96: 46.8 | L96: 0.895
A97: 96 | B97: Togo | C97: 9721608 | D97: 0.0012 | E97: 0.0217 | F97: 206372 | G97: 179 | H97: 54390 | I97: −15,010 | J97: 4.07 | K97: 19.1 | L97: 0.442
A98: 97 | B98: Hungary | C98: 9632287 | D98: 0.0012 | E98: −0.45% | F98: −43,848 | G98: 106 | H98: 90530 | I98: −16,331 | J98: 1.5 | K98: 43.9 | L98: 0.72
A99: 98 | B99: Israel | C99: 9517181 | D99: 0.0012 | E99: 0.0139 | F99: 130160 | G99: 440 | H99: 21640 | I99: 11466 | J99: 2.75 | K99: 29.2 | L99: 0.914
A100: 99 | B100: Austria | C100: 9113574 | D100: 0.0011 | E100: −0.08% | F100: −7,239 | G100: 111 | H100: 82409 | I100: 11254 | J100: 1.33 | K100: 43.6 | L100: 0.586
...

Sheet Area
A1: # | B1: region | C1: flag | D1: Country | E1: Tot. Area (Km²) | F1: Tot. Area (mi²) | G1: Land Area (Km²) | H1: Land Area (mi²) | I1: World Share | L1: region | M1: flag
A2: 1 | B2: Europe | C2: 🇷🇺 | D2: Russian Federation | E2: 17098242 | F2: 6601665 | G2: 16376870 | H2: 6323142 | I2: 0.11 | L2: =VLOOKUP(D2,Сountries!V:Z,2,0) -> Europe | M2: =VLOOKUP(D2,Сountries!V:Z,5,0) -> 🇷🇺
A3: 2 | B3: America | C3: 🇨🇦 | D3: Canada | E3: 9984670 | F3: 3855101 | G3: 9093510 | H3: 3511022 | I3: 0.0611 | L3: =VLOOKUP(D3,Сountries!V:Z,2,0) -> America | M3: =VLOOKUP(D3,Сountries!V:Z,5,0) -> 🇨🇦
A4: 3 | B4: Asia | C4: 🇨🇳 | D4: China | E4: 9706961 | F4: 3747877 | G4: 9388211 | H4: 3624807 | I4: 0.063 | L4: =VLOOKUP(D4,Сountries!V:Z,2,0) -> Asia | M4: =VLOOKUP(D4,Сountries!V:Z,5,0) -> 🇨🇳
A5: 4 | B5: America | C5: 🇺🇸 | D5: United States | E5: 9372610 | F5: 3618783 | G5: 9147420 | H5: 3531837 | I5: 0.0614 | L5: =VLOOKUP(D5,Сountries!V:Z,2,0) -> America | M5: =VLOOKUP(D5,Сountries!V:Z,5,0) -> 🇺🇸
A6: 5 | B6: America | C6: 🇧🇷 | D6: Brazil | E6: 8515767 | F6: 3287955 | G6: 8358140 | H6: 3227095 | I6: 0.0561 | L6: =VLOOKUP(D6,Сountries!V:Z,2,0) -> America | M6: =VLOOKUP(D6,Сountries!V:Z,5,0) -> 🇧🇷
A7: 6 | B7: Australia and New Zealand | C7: 🇦🇺 | D7: Australia | E7: 7692024 | F7: 2969906 | G7: 7682300 | H7: 2966151 | I7: 0.0516 | L7: =VLOOKUP(D7,Сountries!V:Z,2,0) -> Australia and New Zealand | M7: =VLOOKUP(D7,Сountries!V:Z,5,0) -> 🇦🇺
A8: 7 | B8: Asia | C8: 🇮🇳 | D8: India | E8: 3287590 | F8: 1269345 | G8: 2973190 | H8: 1147955 | I8: 0.02 | L8: =VLOOKUP(D8,Сountries!V:Z,2,0) -> Asia | M8: =VLOOKUP(D8,Сountries!V:Z,5,0) -> 🇮🇳
A9: 8 | B9: America | C9: 🇦🇷 | D9: Argentina | E9: 2780400 | F9: 1073518 | G9: 2736690 | H9: 1056641 | I9: 0.0184 | L9: =VLOOKUP(D9,Сountries!V:Z,2,0) -> America | M9: =VLOOKUP(D9,Сountries!V:Z,5,0) -> 🇦🇷
A10: 9 | B10: Asia | C10: 🇰🇿 | D10: Kazakhstan | E10: 2724900 | F10: 1052089 | G10: 2699700 | H10: 1042360 | I10: 0.0181 | L10: =VLOOKUP(D10,Сountries!V:Z,2,0) -> Asia | M10: =VLOOKUP(D10,Сountries!V:Z,5,0) -> 🇰🇿
A11: 10 | B11: Africa | C11: 🇩🇿 | D11: Algeria | E11: 2381741 | F11: 919595 | G11: 2381740 | H11: 919595 | I11: 0.016 | L11: =VLOOKUP(D11,Сountries!V:Z,2,0) -> Africa | M11: =VLOOKUP(D11,Сountries!V:Z,5,0) -> 🇩🇿
A12: 11 | B12: Africa | C12: 🇨🇩 | D12: DR Congo | E12: 2344858 | F12: 905354 | G12: 2267050 | H12: 875313 | I12: 0.0152 | L12: =VLOOKUP(D12,Сountries!V:Z,2,0) -> Africa | M12: =VLOOKUP(D12,Сountries!V:Z,5,0) -> 🇨🇩
A13: 12 | B13: America | C13: 🇬🇱 | D13: Greenland | E13: 2166086 | F13: 836330 | G13: 410450 | H13: 158476 | I13: 0.0028 | L13: =VLOOKUP(D13,Сountries!V:Z,2,0) -> America | M13: =VLOOKUP(D13,Сountries!V:Z,5,0) -> 🇬🇱
... A234: 233 | B234: Europe | C234: 🇻🇦 | D234: Holy See | E234: 0 | F234: 0 | G234: 0 | H234: 0 | I234: 2.7e-09 | L234: =VLOOKUP(D234,Сountries!V:Z,2,0) -> Europe | M234: =VLOOKUP(D234,Сountries!V:Z,5,0) -> 🇻🇦

Sheet GDPByCountry
A1: # | B1: region | C1: Flags | D1: Country | E1: Flags | F1: region | G1: GDP (nominal, 2023) | H1: GDP (calc billion) | I1: GDP (abbrev.) | J1: GDP Growth | K1: Population 2023 | L1: GDP per capita | M1: Share of World GDP
A2: 1 | B2: America | C2: 🇺🇸 | D2: United States | E2: =VLOOKUP(D2,all_countries!D:E,2,0) -> 🇺🇸 | F2: =VLOOKUP(D2,Сountries!V:Z,2,0) -> America | G2: 27720700000000 | H2: =G2/1000000000 -> 27720.7 | I2: 27.721 trillion | J2: 0.0289 | K2: 343477335 | L2: 80706 | M2: 0.2611
A3: 2 | B3: Asia | C3: 🇨🇳 | D3: China | E3: =VLOOKUP(D3,all_countries!D:E,2,0) -> 🇨🇳 | F3: =VLOOKUP(D3,Сountries!V:Z,2,0) -> Asia | G3: 17794800000000 | H3: =G3/1000000000 -> 17794.8 | I3: 17.795 trillion | J3: 0.0525 | K3: 1422584933 | L3: 12509 | M3: 0.1676
A4: 3 | B4: Europe | C4: 🇩🇪 | D4: Germany | E4: =VLOOKUP(D4,all_countries!D:E,2,0) -> 🇩🇪 | F4: =VLOOKUP(D4,Сountries!V:Z,2,0) -> Europe | G4: 4525700000000 | H4: =G4/1000000000 -> 4525.7 | I4: 4.526 trillion | J4: −0.27% | K4: 84548231 | L4: 53528 | M4: 0.0426
A5: 4 | B5: Asia | C5: 🇯🇵 | D5: Japan | E5: =VLOOKUP(D5,all_countries!D:E,2,0) -> 🇯🇵 | F5: =VLOOKUP(D5,Сountries!V:Z,2,0) -> Asia | G5: 4204490000000 | H5: =G5/1000000000 -> 4204.49 | I5: 4.204 trillion | J5: 0.0168 | K5: 124370947 | L5: 33806 | M5: 0.0396
A6: 5 | B6: Asia | C6: 🇮🇳 | D6: India | E6: =VLOOKUP(D6,all_countries!D:E,2,0) -> 🇮🇳 | F6: =VLOOKUP(D6,Сountries!V:Z,2,0) -> Asia | G6: 3567550000000 | H6: =G6/1000000000 -> 3567.55 | I6: 3.568 trillion | J6: 0.0815 | K6: 1438069596 | L6: 2481 | M6: 0.0336
A7: 6 | B7: Europe | C7: 🇬🇧 | D7: United Kingdom | E7: =VLOOKUP(D7,all_countries!D:E,2,0) -> 🇬🇧 | F7: =VLOOKUP(D7,Сountries!V:Z,2,0) -> Europe | G7: 3380850000000 | H7: =G7/1000000000 -> 3380.85 | I7: 3.381 trillion | J7: 0.0034 | K7: 68682962 | L7: 49224 | M7: 0.0318
A8: 7 | B8: Europe | C8: 🇫🇷 | D8: France | E8: =VLOOKUP(D8,all_countries!D:E,2,0) -> 🇫🇷 | F8: =VLOOKUP(D8,Сountries!V:Z,2,0) -> Europe | G8: 3051830000000 | H8: =G8/1000000000 -> 3051.83 | I8: 3.052 trillion | J8: 0.0094 | K8: 66438822 | L8: 45934 | M8: 0.0287
A9: 8 | B9: Europe | C9: 🇮🇹 | D9: Italy | E9: =VLOOKUP(D9,all_countries!D:E,2,0) -> 🇮🇹 | F9: =VLOOKUP(D9,Сountries!V:Z,2,0) -> Europe | G9: 2300940000000 | H9: =G9/1000000000 -> 2300.94 | I9: 2.301 trillion | J9: 0.007 | K9: 59499453 | L9: 38672 | M9: 0.0217
A10: 9 | B10: America | C10: 🇧🇷 | D10: Brazil | E10: =VLOOKUP(D10,all_countries!D:E,2,0) -> 🇧🇷 | F10: =VLOOKUP(D10,Сountries!V:Z,2,0) -> America | G10: 2173670000000 | H10: =G10/1000000000 -> 2173.67 | I10: 2.174 trillion | J10: 0.0291 | K10: 211140729 | L10: 10295 | M10: 0.0205
A11: 10 | B11: America | C11: 🇨🇦 | D11: Canada | E11: =VLOOKUP(D11,all_countries!D:E,2,0) -> 🇨🇦 | F11: =VLOOKUP(D11,Сountries!V:Z,2,0) -> America | G11: 2142470000000 | H11: =G11/1000000000 -> 2142.47 | I11: 2.142 trillion | J11: 0.0125 | K11: 39299105 | L11: 54517 | M11: 0.0202
A12: 11 | B12: Europe | C12: 🇷🇺 | D12: Russian Federation | E12: =VLOOKUP(D12,all_countries!D:E,2,0) -> 🇷🇺 | F12: =VLOOKUP(D12,Сountries!V:Z,2,0) -> Europe | G12: 2021420000000 | H12: =G12/1000000000 -> 2021.42 | I12: 2.021 trillion | J12: 0.036 | K12: 145440500 | L12: 13899 | M12: 0.019
A13: 12 | B13: America | C13: 🇲🇽 | D13: Mexico | E13: =VLOOKUP(D13,all_countries!D:E,2,0) -> 🇲🇽 | F13: =VLOOKUP(D13,Сountries!V:Z,2,0) -> America | G13: 1789110000000 | H13: =G13/1000000000 -> 1789.11 | I13: 1.789 trillion | J13: 0.032 | K13: 129739759 | L13: 13790 | M13: 0.0169
A14: 13 | B14: Australia and New Zealand | C14: 🇦🇺 | D14: Australia | E14: =VLOOKUP(D14,all_countries!D:E,2,0) -> 🇦🇺 | F14: =VLOOKUP(D14,Сountries!V:Z,2,0) -> Australia and New Zealand | G14: 1728060000000 | H14: =G14/1000000000 -> 1728.06 | I14: 1.728 trillion | J14: 0.0344 | K14: 26451124 | L14: 65330 | M14: 0.0163
A15: 14 | B15: Asia | C15: 🇰🇷 | D15: South Korea | E15: =VLOOKUP(D15,all_countries!D:E,2,0) -> 🇰🇷 | F15: =VLOOKUP(D15,Сountries!V:Z,2,0) -> Asia | G15: 1712790000000 | H15: =G15/1000000000 -> 1712.79 | I15: 1.713 trillion | J15: 0.0136 | K15: 51748739 | L15: 33098 | M15: 0.0161
A16: 15 | B16: Europe | C16: 🇪🇸 | D16: Spain | E16: =VLOOKUP(D16,all_countries!D:E,2,0) -> 🇪🇸 | F16: =VLOOKUP(D16,Сountries!V:Z,2,0) -> Europe | G16: 1620090000000 | H16: =G16/1000000000 -> 1620.09 | I16: 1.62 trillion | J16: 0.0268 | K16: 47911579 | L16: 33814 | M16: 0.0153
... A19: 18 | B19: Asia | C19: 🇹🇷 | D19: Turkey | E19: =VLOOKUP(D19,all_countries!D:E,2,0) -> 🇹🇷 | F19: =VLOOKUP(D19,Сountries!V:Z,2,0) -> Asia | G19: 1118250000000 | H19: =G19/1000000000 -> 1118.25 | I19: 1.118 trillion | J19: 0.0511 | K19: 87270501 | L19: 12814 | M19: 0.0105
A20: 19 | B20: Asia | C20: 🇸🇦 | D20: Saudi Arabia | E20: =VLOOKUP(D20,all_countries!D:E,2,0) -> 🇸🇦 | F20: =VLOOKUP(D20,Сountries!V:Z,2,0) -> Asia | G20: 1067580000000 | H20: =G20/1000000000 -> 1067.58 | I20: 1.068 trillion | J20: −0.76% | K20: 33264292 | L20: 32094 | M20: 0.0101
A21: 20 | B21: Europe | C21: 🇨🇭 | D21: Switzerland | E21: =VLOOKUP(D21,all_countries!D:E,2,0) -> 🇨🇭 | F21: =VLOOKUP(D21,Сountries!V:Z,2,0) -> Europe | G21: 884940000000 | H21: =G21/1000000000 -> 884.94 | I21: 884.94 billion | J21: 0.0072 | K21: 8870561 | L21: 99761 | M21: 0.0083
A22: 21 | B22: Europe | C22: 🇵🇱 | D22: Poland | E22: =VLOOKUP(D22,all_countries!D:E,2,0) -> 🇵🇱 | F22: =VLOOKUP(D22,Сountries!V:Z,2,0) -> Europe | G22: 809201000000 | H22: =G22/1000000000 -> 809.201 | I22: 809.201 billion | J22: 0.0014 | K22: 38762844 | L22: 20876 | M22: 0.0076
A23: 22 | B23: America | C23: 🇦🇷 | D23: Argentina | E23: =VLOOKUP(D23,all_countries!D:E,2,0) -> 🇦🇷 | F23: =VLOOKUP(D23,Сountries!V:Z,2,0) -> America | G23: 646075000000 | H23: =G23/1000000000 -> 646.075 | I23: 646.075 billion | J23: −1.61% | K23: 45538401 | L23: 14187 | M23: 0.0061
A24: 23 | B24: Europe | C24: 🇧🇪 | D24: Belgium | E24: =VLOOKUP(D24,all_countries!D:E,2,0) -> 🇧🇪 | F24: =VLOOKUP(D24,Сountries!V:Z,2,0) -> Europe | G24: 644783000000 | H24: =G24/1000000000 -> 644.783 | I24: 644.783 billion | J24: 0.0125 | K24: 11712893 | L24: 55049 | M24: 0.0061
A25: 24 | B25: Europe | C25: 🇸🇪 | D25: Sweden | E25: =VLOOKUP(D25,all_countries!D:E,2,0) -> 🇸🇪 | F25: =VLOOKUP(D25,Сountries!V:Z,2,0) -> Europe | G25: 584960000000 | H25: =G25/1000000000 -> 584.96 | I25: 584.96 billion | J25: −0.31% | K25: 10551494 | L25: 55439 | M25: 0.0055
A26: 25 | B26: Europe | C26: 🇮🇪 | D26: Ireland | E26: =VLOOKUP(D26,all_countries!D:E,2,0) -> 🇮🇪 | F26: =VLOOKUP(D26,Сountries!V:Z,2,0) -> Europe | G26: 551395000000 | H26: =G26/1000000000 -> 551.395 | I26: 551.395 billion | J26: −5.53% | K26: 5196630 | L26: 106106 | M26: 0.0052
A27: 26 | B27: Asia | C27: 🇹🇭 | D27: Thailand | E27: =VLOOKUP(D27,all_countries!D:E,2,0) -> 🇹🇭 | F27: =VLOOKUP(D27,Сountries!V:Z,2,0) -> Asia | G27: 514969000000 | H27: =G27/1000000000 -> 514.969 | I27: 514.969 billion | J27: 0.0189 | K27: 71702435 | L27: 7182 | M27: 0.0049
A28: 27 | B28: Asia | C28: 🇦🇪 | D28: United Arab Emirates | E28: =VLOOKUP(D28,all_countries!D:E,2,0) -> 🇦🇪 | F28: =VLOOKUP(D28,Сountries!V:Z,2,0) -> Asia | G28: 514130000000 | H28: =G28/1000000000 -> 514.13 | I28: 514.13 billion | J28: 0.0362 | K28: 10642081 | L28: 48311 | M28: 0.0048
A29: 28 | B29: Asia | C29: 🇮🇱 | D29: Israel | E29: =VLOOKUP(D29,all_countries!D:E,2,0) -> 🇮🇱 | F29: =VLOOKUP(D29,Сountries!V:Z,2,0) -> Asia | G29: 513611000000 | H29: =G29/1000000000 -> 513.611 | I29: 513.611 billion | J29: 0.0242 | K29: 9256314 | L29: 55488 | M29: 0.0048
A30: 29 | B30: Europe | C30: 🇦🇹 | D30: Austria | E30: =VLOOKUP(D30,all_countries!D:E,2,0) -> 🇦🇹 | F30: =VLOOKUP(D30,Сountries!V:Z,2,0) -> Europe | G30: 511685000000 | H30: =G30/1000000000 -> 511.685 | I30: 511.685 billion | J30: −0.95% | K30: 9130429 | L30: 56042 | M30: 0.0048
A31: 30 | B31: Asia | C31: 🇸🇬 | D31: Singapore | E31: =VLOOKUP(D31,all_countries!D:E,2,0) -> 🇸🇬 | F31: =VLOOKUP(D31,Сountries!V:Z,2,0) -> Asia | G31: 501428000000 | H31: =G31/1000000000 -> 501.428 | I31: 501.428 billion | J31: 0.0107 | K31: 5789090 | L31: 86616 | M31: 0.0047
A32: 31 | B32: Europe | C32: 🇳🇴 | D32: Norway | E32: =VLOOKUP(D32,all_countries!D:E,2,0) -> 🇳🇴 | F32: =VLOOKUP(D32,Сountries!V:Z,2,0) -> Europe | G32: 485311000000 | H32: =G32/1000000000 -> 485.311 | I32: 485.311 billion | J32: 0.0048 | K32: 5519167 | L32: 87932 | M32: 0.0046
A33: 32 | B33: Asia | C33: 🇧🇩 | D33: Bangladesh | E33: =VLOOKUP(D33,all_countries!D:E,2,0) -> 🇧🇩 | F33: =VLOOKUP(D33,Сountries!V:Z,2,0) -> Asia | G33: 437415000000 | H33: =G33/1000000000 -> 437.415 | I33: 437.415 billion | J33: 0.0578 | K33: 171466990 | L33: 2551 | M33: 0.0041
A34: 33 | B34: Asia | C34: 🇵🇭 | D34: Philippines | E34: =VLOOKUP(D34,all_countries!D:E,2,0) -> 🇵🇭 | F34: =VLOOKUP(D34,Сountries!V:Z,2,0) -> Asia | G34: 437146000000 | H34: =G34/1000000000 -> 437.146 | I34: 437.146 billion | J34: 0.0555 | K34: 114891199 | L34: 3805 | M34: 0.0041
A35: 34 | B35: Asia | C35: 🇻🇳 | D35: Vietnam | E35: =VLOOKUP(D35,all_countries!D:E,2,0) -> 🇻🇳 | F35: =VLOOKUP(D35,Сountries!V:Z,2,0) -> Asia | G35: 429717000000 | H35: =G35/1000000000 -> 429.717 | I35: 429.717 billion | J35: 0.0505 | K35: 100352192 | L35: 4282 | M35: 0.004
A36: 35 | B36: Europe | C36: 🇩🇰 | D36: Denmark | E36: =VLOOKUP(D36,all_countries!D:E,2,0) -> 🇩🇰 | F36: =VLOOKUP(D36,Сountries!V:Z,2,0) -> Europe | G36: 407092000000 | H36: =G36/1000000000 -> 407.092 | I36: 407.092 billion | J36: 0.025 | K36: 5948136 | L36: 68440 | M36: 0.0038
A37: 36 | B37: Asia | C37: 🇮🇷 | D37: Iran | E37: =VLOOKUP(D37,all_countries!D:E,2,0) -> 🇮🇷 | F37: =VLOOKUP(D37,Сountries!V:Z,2,0) -> Asia | G37: 404626000000 | H37: =G37/1000000000 -> 404.626 | I37: 404.626 billion | J37: 0.0504 | K37: 90608707 | L37: 4466 | M37: 0.0038
A38: 37 | B38: Asia | C38: 🇲🇾 | D38: Malaysia | E38: =VLOOKUP(D38,all_countries!D:E,2,0) -> 🇲🇾 | F38: =VLOOKUP(D38,Сountries!V:Z,2,0) -> Asia | G38: 399705000000 | H38: =G38/1000000000 -> 399.705 | I38: 399.705 billion | J38: 0.0356 | K38: 35126298 | L38: 11379 | M38: 0.0038
A39: 38 | B39: Africa | C39: 🇪🇬 | D39: Egypt | E39: =VLOOKUP(D39,all_countries!D:E,2,0) -> 🇪🇬 | F39: =VLOOKUP(D39,Сountries!V:Z,2,0) -> Africa | G39: 396002000000 | H39: =G39/1000000000 -> 396.002 | I39: 396.002 billion | J39: 0.0376 | K39: 114535772 | L39: 3457 | M39: 0.0037
A40: 39 | B40: Asia | C40: 🇭🇰 | D40: Hong Kong | E40: =VLOOKUP(D40,all_countries!D:E,2,0) -> 🇭🇰 | F40: =VLOOKUP(D40,Сountries!V:Z,2,0) -> Asia | G40: 380812000000 | H40: =G40/1000000000 -> 380.812 | I40: 380.812 billion | J40: 0.0328 | K40: 7442734 | L40: 51166 | M40: 0.0036
A41: 40 | B41: Africa | C41: 🇿🇦 | D41: South Africa | E41: =VLOOKUP(D41,all_countries!D:E,2,0) -> 🇿🇦 | F41: =VLOOKUP(D41,Сountries!V:Z,2,0) -> Africa | G41: 380699000000 | H41: =G41/1000000000 -> 380.699 | I41: 380.699 billion | J41: 0.007 | K41: 63212384 | L41: 6023 | M41: 0.0036
A42: 41 | B42: Africa | C42: 🇳🇬 | D42: Nigeria | E42: =VLOOKUP(D42,all_countries!D:E,2,0) -> 🇳🇬 | F42: =VLOOKUP(D42,Сountries!V:Z,2,0) -> Africa | G42: 363846000000 | H42: =G42/1000000000 -> 363.846 | I42: 363.846 billion | J42: 0.0286 | K42: 227882945 | L42: 1597 | M42: 0.0034
... A44: 43 | B44: Europe | C44: 🇷🇴 | D44: Romania | E44: =VLOOKUP(D44,all_countries!D:E,2,0) -> 🇷🇴 | F44: =VLOOKUP(D44,Сountries!V:Z,2,0) -> Europe | G44: 350776000000 | H44: =G44/1000000000 -> 350.776 | I44: 350.776 billion | J44: 0.024 | K44: 19118479 | L44: 18347 | M44: 0.0033
A45: 44 | B45: Europe | C45: 🇨🇿 | D45: Czech Republic | E45: =VLOOKUP(D45,all_countries!D:E,2,0) -> 🇨🇿 | F45: =VLOOKUP(D45,Сountries!V:Z,2,0) -> Europe | G45: 343208000000 | H45: =G45/1000000000 -> 343.208 | I45: 343.208 billion | J45: −0.09% | K45: 10809716 | L45: 31750 | M45: 0.0032
A46: 45 | B46: Asia | C46: 🇵🇰 | D46: Pakistan | E46: =VLOOKUP(D46,all_countries!D:E,2,0) -> 🇵🇰 | F46: =VLOOKUP(D46,Сountries!V:Z,2,0) -> Asia | G46: 337912000000 | H46: =G46/1000000000 -> 337.912 | I46: 337.912 billion | J46: −0.04% | K46: 247504495 | L46: 1365 | M46: 0.0032
A47: 46 | B47: America | C47: 🇨🇱 | D47: Chile | E47: =VLOOKUP(D47,all_countries!D:E,2,0) -> 🇨🇱 | F47: =VLOOKUP(D47,Сountries!V:Z,2,0) -> America | G47: 335533000000 | H47: =G47/1000000000 -> 335.533 | I47: 335.533 billion | J47: 0.0022 | K47: 19658835 | L47: 17068 | M47: 0.0032
A48: 47 | B48: Europe | C48: 🇫🇮 | D48: Finland | E48: =VLOOKUP(D48,all_countries!D:E,2,0) -> 🇫🇮 | F48: =VLOOKUP(D48,Сountries!V:Z,2,0) -> Europe | G48: 295532000000 | H48: =G48/1000000000 -> 295.532 | I48: 295.532 billion | J48: −1.16% | K48: 5601185 | L48: 52762 | M48: 0.0028
A49: 48 | B49: Europe | C49: 🇵🇹 | D49: Portugal | E49: =VLOOKUP(D49,all_countries!D:E,2,0) -> 🇵🇹 | F49: =VLOOKUP(D49,Сountries!V:Z,2,0) -> Europe | G49: 289114000000 | H49: =G49/1000000000 -> 289.114 | I49: 289.114 billion | J49: 0.0253 | K49: 10430738 | L49: 27718 | M49: 0.0027
A50: 49 | B50: America | C50: 🇵🇪 | D50: Peru | E50: =VLOOKUP(D50,all_countries!D:E,2,0) -> 🇵🇪 | F50: =VLOOKUP(D50,Сountries!V:Z,2,0) -> America | G50: 267603000000 | H50: =G50/1000000000 -> 267.603 | I50: 267.603 billion | J50: −0.55% | K50: 33845617 | L50: 7907 | M50: 0.0025
A51: 50 | B51: Asia | C51: 🇰🇿 | D51: Kazakhstan | E51: =VLOOKUP(D51,all_countries!D:E,2,0) -> 🇰🇿 | F51: =VLOOKUP(D51,Сountries!V:Z,2,0) -> Asia | G51: 262642000000 | H51: =G51/1000000000 -> 262.642 | I51: 262.642 billion | J51: 0.051 | K51: 20330104 | L51: 12919 | M51: 0.0025
A52: 51 | B52: Australia and New Zealand | C52: 🇳🇿 | D52: New Zealand | E52: =VLOOKUP(D52,all_countries!D:E,2,0) -> 🇳🇿 | F52: =VLOOKUP(D52,Сountries!V:Z,2,0) -> Australia and New Zealand | G52: 252176000000 | H52: =G52/1000000000 -> 252.176 | I52: 252.176 billion | J52: 0.0073 | K52: 5172836 | L52: 48750 | M52: 0.0024
A53: 52 | B53: Asia | C53: 🇮🇶 | D53: Iraq | E53: =VLOOKUP(D53,all_countries!D:E,2,0) -> 🇮🇶 | F53: =VLOOKUP(D53,Сountries!V:Z,2,0) -> Asia | G53: 250843000000 | H53: =G53/1000000000 -> 250.843 | I53: 250.843 billion | J53: −2.94% | K53: 45074049 | L53: 5565 | M53: 0.0024
A54: 53 | B54: Africa | C54: 🇩🇿 | D54: Algeria | E54: =VLOOKUP(D54,all_countries!D:E,2,0) -> 🇩🇿 | F54: =VLOOKUP(D54,Сountries!V:Z,2,0) -> Africa | G54: 247626000000 | H54: =G54/1000000000 -> 247.626 | I54: 247.626 billion | J54: 0.041 | K54: 46164219 | L54: 5364 | M54: 0.0023
A55: 54 | B55: Europe | C55: 🇬🇷 | D55: Greece | E55: =VLOOKUP(D55,all_countries!D:E,2,0) -> 🇬🇷 | F55: =VLOOKUP(D55,Сountries!V:Z,2,0) -> Europe | G55: 243498000000 | H55: =G55/1000000000 -> 243.498 | I55: 243.498 billion | J55: 0.0233 | K55: 10242908 | L55: 23772 | M55: 0.0023
A56: 55 | B56: Asia | C56: 🇶🇦 | D56: Qatar | E56: =VLOOKUP(D56,all_countries!D:E,2,0) -> 🇶🇦 | F56: =VLOOKUP(D56,Сountries!V:Z,2,0) -> Asia | G56: 213003000000 | H56: =G56/1000000000 -> 213.003 | I56: 213.003 billion | J56: 0.0119 | K56: 2979082 | L56: 71500 | M56: 0.002
A57: 56 | B57: Europe | C57: 🇭🇺 | D57: Hungary | E57: =VLOOKUP(D57,all_countries!D:E,2,0) -> 🇭🇺 | F57: =VLOOKUP(D57,Сountries!V:Z,2,0) -> Europe | G57: 212389000000 | H57: =G57/1000000000 -> 212.389 | I57: 212.389 billion | J57: −0.91% | K57: 9686463 | L57: 21926 | M57: 0.002
A58: 57 | B58: Europe | C58: 🇺🇦 | D58: Ukraine | E58: =VLOOKUP(D58,all_countries!D:E,2,0) -> 🇺🇦 | F58: =VLOOKUP(D58,Сountries!V:Z,2,0) -> Europe | G58: 178757000000 | H58: =G58/1000000000 -> 178.757 | I58: 178.757 billion | J58: 0.0532 | K58: 37732836 | L58: 4737 | M58: 0.0017
A59: 58 | B59: Asia | C59: 🇰🇼 | D59: Kuwait | E59: =VLOOKUP(D59,all_countries!D:E,2,0) -> 🇰🇼 | F59: =VLOOKUP(D59,Сountries!V:Z,2,0) -> Asia | G59: 163705000000 | H59: =G59/1000000000 -> 163.705 | I59: 163.705 billion | J59: −3.64% | K59: 4838782 | L59: 33832 | M59: 0.0015
A60: 59 | B60: Africa | C60: 🇪🇹 | D60: Ethiopia | E60: =VLOOKUP(D60,all_countries!D:E,2,0) -> 🇪🇹 | F60: =VLOOKUP(D60,Сountries!V:Z,2,0) -> Africa | G60: 163698000000 | H60: =G60/1000000000 -> 163.698 | I60: 163.698 billion | J60: 0.065 | K60: 128691692 | L60: 1272 | M60: 0.0015
A61: 60 | B61: Africa | C61: 🇲🇦 | D61: Morocco | E61: =VLOOKUP(D61,all_countries!D:E,2,0) -> 🇲🇦 | F61: =VLOOKUP(D61,Сountries!V:Z,2,0) -> Africa | G61: 144417000000 | H61: =G61/1000000000 -> 144.417 | I61: 144.417 billion | J61: 0.034 | K61: 37712505 | L61: 3829 | M61: 0.0014
A62: 61 | B62: Europe | C62: 🇸🇰 | D62: Slovakia | E62: =VLOOKUP(D62,all_countries!D:E,2,0) -> 🇸🇰 | F62: =VLOOKUP(D62,Сountries!V:Z,2,0) -> Europe | G62: 132908000000 | H62: =G62/1000000000 -> 132.908 | I62: 132.908 billion | J62: 0.0138 | K62: 5518055 | L62: 24086 | M62: 0.0013
A63: 62 | B63: Oceania | C63: 🇩🇴 | D63: Dominican Republic | E63: =VLOOKUP(D63,all_countries!D:E,2,0) -> 🇩🇴 | F63: =VLOOKUP(D63,Сountries!V:Z,2,0) -> Oceania | G63: 121444000000 | H63: =G63/1000000000 -> 121.444 | I63: 121.444 billion | J63: 0.0236 | K63: 11331265 | L63: 10718 | M63: 0.0011
A64: 63 | B64: America | C64: 🇪🇨 | D64: Ecuador | E64: =VLOOKUP(D64,all_countries!D:E,2,0) -> 🇪🇨 | F64: =VLOOKUP(D64,Сountries!V:Z,2,0) -> America | G64: 118845000000 | H64: =G64/1000000000 -> 118.845 | I64: 118.845 billion | J64: 0.0236 | K64: 17980083 | L64: 6610 | M64: 0.0011
A65: 64 | B65: Africa | C65: 🇸🇩 | D65: Sudan | E65: =VLOOKUP(D65,all_countries!D:E,2,0) -> 🇸🇩 | F65: =VLOOKUP(D65,Сountries!V:Z,2,0) -> Africa | G65: 109266000000 | H65: =G65/1000000000 -> 109.266 | I65: 109.266 billion | J65: −20.11% | K65: 50042791 | L65: 2183 | M65: 0.001
A66: 65 | B66: Asia | C66: 🇴🇲 | D66: Oman | E66: =VLOOKUP(D66,all_countries!D:E,2,0) -> 🇴🇲 | F66: =VLOOKUP(D66,Сountries!V:Z,2,0) -> Asia | G66: 108811000000 | H66: =G66/1000000000 -> 108.811 | I66: 108.811 billion | J66: 0.0131 | K66: 5049269 | L66: 21550 | M66: 0.001
A67: 66 | B67: Africa | C67: 🇰🇪 | D67: Kenya | E67: =VLOOKUP(D67,all_countries!D:E,2,0) -> 🇰🇪 | F67: =VLOOKUP(D67,Сountries!V:Z,2,0) -> Africa | G67: 108039000000 | H67: =G67/1000000000 -> 108.039 | I67: 108.039 billion | J67: 0.0556 | K67: 55339003 | L67: 1952 | M67: 0.001
A68: 67 | B68: America | C68: 🇬🇹 | D68: Guatemala | E68: =VLOOKUP(D68,all_countries!D:E,2,0) -> 🇬🇹 | F68: =VLOOKUP(D68,Сountries!V:Z,2,0) -> America | G68: 104450000000 | H68: =G68/1000000000 -> 104.45 | I68: 104.45 billion | J68: 0.0353 | K68: 18124838 | L68: 5763 | M68: 0.00098
A69: 68 | B69: Europe | C69: 🇧🇬 | D69: Bulgaria | E69: =VLOOKUP(D69,all_countries!D:E,2,0) -> 🇧🇬 | F69: =VLOOKUP(D69,Сountries!V:Z,2,0) -> Europe | G69: 102408000000 | H69: =G69/1000000000 -> 102.408 | I69: 102.408 billion | J69: 0.0189 | K69: 6795803 | L69: 15069 | M69: 0.00096
A70: 69 | B70: Asia | C70: 🇺🇿 | D70: Uzbekistan | E70: =VLOOKUP(D70,all_countries!D:E,2,0) -> 🇺🇿 | F70: =VLOOKUP(D70,Сountries!V:Z,2,0) -> Asia | G70: 101592000000 | H70: =G70/1000000000 -> 101.592 | I70: 101.592 billion | J70: 0.0629 | K70: 35652307 | L70: 2850 | M70: 0.00096
A71: 70 | B71: America | C71: 🇨🇷 | D71: Costa Rica | E71: =VLOOKUP(D71,all_countries!D:E,2,0) -> 🇨🇷 | F71: =VLOOKUP(D71,Сountries!V:Z,2,0) -> America | G71: 86497941439 | H71: =G71/1000000000 -> 86.497941 | I71: 86.498 billion | J71: 0.0511 | K71: 5105525 | L71: 16942 | M71: 0.00081
A72: 71 | B72: Europe | C72: 🇱🇺 | D72: Luxembourg | E72: =VLOOKUP(D72,all_countries!D:E,2,0) -> 🇱🇺 | F72: =VLOOKUP(D72,Сountries!V:Z,2,0) -> Europe | G72: 85755006124 | H72: =G72/1000000000 -> 85.755006 | I72: 85.755 billion | J72: −1.1% | K72: 665098 | L72: 128936 | M72: 0.00081
A73: 72 | B73: Africa | C73: 🇦🇴 | D73: Angola | E73: =VLOOKUP(D73,all_countries!D:E,2,0) -> 🇦🇴 | F73: =VLOOKUP(D73,Сountries!V:Z,2,0) -> Africa | G73: 84824654482 | H73: =G73/1000000000 -> 84.824654 | I73: 84.825 billion | J73: 0.01 | K73: 36749906 | L73: 2308 | M73: 0.0008
A74: 73 | B74: Europe | C74: 🇭🇷 | D74: Croatia | E74: =VLOOKUP(D74,all_countries!D:E,2,0) -> 🇭🇷 | F74: =VLOOKUP(D74,Сountries!V:Z,2,0) -> Europe | G74: 84393795502 | H74: =G74/1000000000 -> 84.393796 | I74: 84.394 billion | J74: 0.033 | K74: 3896023 | L74: 21662 | M74: 0.00079
A75: 74 | B75: Asia | C75: 🇱🇰 | D75: Sri Lanka | E75: =VLOOKUP(D75,all_countries!D:E,2,0) -> 🇱🇰 | F75: =VLOOKUP(D75,Сountries!V:Z,2,0) -> Asia | G75: 84356863744 | H75: =G75/1000000000 -> 84.356864 | I75: 84.357 billion | J75: −2.3% | K75: 22971617 | L75: 3672 | M75: 0.00079
A76: 75 | B76: America | C76: 🇵🇦 | D76: Panama | E76: =VLOOKUP(D76,all_countries!D:E,2,0) -> 🇵🇦 | F76: =VLOOKUP(D76,Сountries!V:Z,2,0) -> America | G76: 83318176900 | H76: =G76/1000000000 -> 83.318177 | I76: 83.318 billion | J76: 0.074 | K76: 4458759 | L76: 18686 | M76: 0.00078
A77: 76 | B77: Europe | C77: 🇷🇸 | D77: Serbia | E77: =VLOOKUP(D77,all_countries!D:E,2,0) -> 🇷🇸 | F77: =VLOOKUP(D77,Сountries!V:Z,2,0) -> Europe | G77: 81342660752 | H77: =G77/1000000000 -> 81.342661 | I77: 81.343 billion | J77: 0.0385 | K77: 6773201 | L77: 12009 | M77: 0.00077
A78: 77 | B78: Europe | C78: 🇱🇹 | D78: Lithuania | E78: =VLOOKUP(D78,all_countries!D:E,2,0) -> 🇱🇹 | F78: =VLOOKUP(D78,Сountries!V:Z,2,0) -> Europe | G78: 79789877416 | H78: =G78/1000000000 -> 79.789877 | I78: 79.79 billion | J78: 0.0034 | K78: 2854099 | L78: 27956 | M78: 0.00075
A79: 78 | B79: Africa | C79: 🇹🇿 | D79: Tanzania | E79: =VLOOKUP(D79,all_countries!D:E,2,0) -> 🇹🇿 | F79: =VLOOKUP(D79,Сountries!V:Z,2,0) -> Africa | G79: 79062403821 | H79: =G79/1000000000 -> 79.062404 | I79: 79.062 billion | J79: 0.0507 | K79: 66617606 | L79: 1187 | M79: 0.00074
A80: 79 | B80: Africa | C80: 🇨🇮 | D80: Côte d'Ivoire | E80: =VLOOKUP(D80,all_countries!D:E,2,0) -> 🇨🇮 | F80: =VLOOKUP(D80,Сountries!V:Z,2,0) -> Africa | G80: 78875489245 | H80: =G80/1000000000 -> 78.875489 | I80: 78.875 billion | J80: 0.062 | K80: 31165654 | L80: 2531 | M80: 0.00074
A81: 80 | B81: America | C81: 🇺🇾 | D81: Uruguay | E81: =VLOOKUP(D81,all_countries!D:E,2,0) -> 🇺🇾 | F81: =VLOOKUP(D81,Сountries!V:Z,2,0) -> America | G81: 77240830877 | H81: =G81/1000000000 -> 77.240831 | I81: 77.241 billion | J81: 0.0037 | K81: 3388081 | L81: 22798 | M81: 0.00073
A82: 81 | B82: Africa | C82: 🇬🇭 | D82: Ghana | E82: =VLOOKUP(D82,all_countries!D:E,2,0) -> 🇬🇭 | F82: =VLOOKUP(D82,Сountries!V:Z,2,0) -> Africa | G82: 76370396722 | H82: =G82/1000000000 -> 76.370397 | I82: 76.37 billion | J82: 0.0294 | K82: 33787914 | L82: 2260 | M82: 0.00072
A83: 82 | B83: Asia | C83: 🇦🇿 | D83: Azerbaijan | E83: =VLOOKUP(D83,all_countries!D:E,2,0) -> 🇦🇿 | F83: =VLOOKUP(D83,Сountries!V:Z,2,0) -> Asia | G83: 72356176471 | H83: =G83/1000000000 -> 72.356176 | I83: 72.356 billion | J83: 0.0112 | K83: 10318207 | L83: 7012 | M83: 0.00068
A84: 83 | B84: Europe | C84: 🇧🇾 | D84: Belarus | E84: =VLOOKUP(D84,all_countries!D:E,2,0) -> 🇧🇾 | F84: =VLOOKUP(D84,Сountries!V:Z,2,0) -> Europe | G84: 71857382746 | H84: =G84/1000000000 -> 71.857383 | I84: 71.857 billion | J84: 0.0389 | K84: 9115680 | L84: 7883 | M84: 0.00068
A85: 84 | B85: Europe | C85: 🇸🇮 | D85: Slovenia | E85: =VLOOKUP(D85,all_countries!D:E,2,0) -> 🇸🇮 | F85: =VLOOKUP(D85,Сountries!V:Z,2,0) -> Europe | G85: 69148468417 | H85: =G85/1000000000 -> 69.148468 | I85: 69.148 billion | J85: 0.0211 | K85: 2118396 | L85: 32642 | M85: 0.00065
A86: 85 | B86: Asia | C86: 🇲🇽 | D86: Myanmar | E86: =VLOOKUP(D86,all_countries!D:E,2,0) -> 🇲🇽 | F86: =VLOOKUP(D86,Сountries!V:Z,2,0) -> Asia | G86: 66757619000 | H86: =G86/1000000000 -> 66.757619 | I86: 66.758 billion | J86: 0.0096 | K86: 54133798 | L86: 1233 | M86: 0.00063
A87: 86 | B87: Africa | C87: 🇨🇩 | D87: DR Congo | E87: =VLOOKUP(D87,all_countries!D:E,2,0) -> 🇨🇩 | F87: =VLOOKUP(D87,Сountries!V:Z,2,0) -> Africa | G87: 66383287003 | H87: =G87/1000000000 -> 66.383287 | I87: 66.383 billion | J87: 0.0856 | K87: 105789731 | L87: 628 | M87: 0.00063
... A99: 98 | B99: Europe | C99: 🇱🇻 | D99: Latvia | E99: =VLOOKUP(D99,all_countries!D:E,2,0) -> 🇱🇻 | F99: =VLOOKUP(D99,Сountries!V:Z,2,0) -> Europe | G99: 42247850065 | H99: =G99/1000000000 -> 42.24785 | I99: 42.248 billion | J99: 0.0171 | K99: 1882396 | L99: 22444 | M99: 0.0004
A100: 99 | B100: Europe | C100: 🇪🇪 | D100: Estonia | E100: =VLOOKUP(D100,all_countries!D:E,2,0) -> 🇪🇪 | F100: =VLOOKUP(D100,Сountries!V:Z,2,0) -> Europe | G100: 41291245222 | H100: =G100/1000000000 -> 41.291245 | I100: 41.291 billion | J100: −3.02% | K100: 1367196 | L100: 30201 | M100: 0.00039
A101: 100 | B101: Asia | C101: 🇳🇵 | D101: Nepal | E101: =VLOOKUP(D101,all_countries!D:E,2,0) -> 🇳🇵 | F101: =VLOOKUP(D101,Сountries!V:Z,2,0) -> Asia | G101: 40908073367 | H101: =G101/1000000000 -> 40.908073 | I101: 40.908 billion | J101: 0.0195 | K101: 29694614 | L101: 1378 | M101: 0.00039
A102: 101 | B102: Africa | C102: 🇿🇼 | D102: Zimbabwe | E102: =VLOOKUP(D102,all_countries!D:E,2,0) -> 🇿🇼 | F102: =VLOOKUP(D102,Сountries!V:Z,2,0) -> Africa | G102: 35231367886 | H102: =G102/1000000000 -> 35.231368 | I102: 35.231 billion | J102: 0.0534 | K102: 16340822 | L102: 2156 | M102: 0.00033
A103: 102 | B103: America | C103: 🇭🇳 | D103: Honduras | E103: =VLOOKUP(D103,all_countries!D:E,2,0) -> 🇭🇳 | F103: =VLOOKUP(D103,Сountries!V:Z,2,0) -> America | G103: 34400509852 | H103: =G103/1000000000 -> 34.40051 | I103: 34.401 billion | J103: 0.0358 | K103: 10644851 | L103: 3232 | M103: 0.00032
A104: 103 | B104: America | C104: 🇸🇻 | D104: El Salvador | E104: =VLOOKUP(D104,all_countries!D:E,2,0) -> 🇸🇻 | F104: =VLOOKUP(D104,Сountries!V:Z,2,0) -> America | G104: 34015620000 | H104: =G104/1000000000 -> 34.01562 | I104: 34.016 billion | J104: 0.0351 | K104: 6309624 | L104: 5391 | M104: 0.00032
A105: 104 | B105: Asia | C105: 🇨🇾 | D105: Cyprus | E105: =VLOOKUP(D105,all_countries!D:E,2,0) -> 🇨🇾 | F105: =VLOOKUP(D105,Сountries!V:Z,2,0) -> Asia | G105: 33886930712 | H105: =G105/1000000000 -> 33.886931 | I105: 33.887 billion | J105: 0.0261 | K105: 1344976 | L105: 25195 | M105: 0.00032
A106: 105 | B106: Europe | C106: 🇮🇸 | D106: Iceland | E106: =VLOOKUP(D106,all_countries!D:E,2,0) -> 🇮🇸 | F106: =VLOOKUP(D106,Сountries!V:Z,2,0) -> Europe | G106: 31325116556 | H106: =G106/1000000000 -> 31.325117 | I106: 31.325 billion | J106: 0.0504 | K106: 387558 | L106: 80827 | M106: 0.0003
A107: 106 | B107: Africa | C107: 🇸🇳 | D107: Senegal | E107: =VLOOKUP(D107,all_countries!D:E,2,0) -> 🇸🇳 | F107: =VLOOKUP(D107,Сountries!V:Z,2,0) -> Africa | G107: 30848333084 | H107: =G107/1000000000 -> 30.848333 | I107: 30.848 billion | J107: 0.0458 | K107: 18077573 | L107: 1706 | M107: 0.00029
A108: 107 | B108: Asia | C108: 🇬🇪 | D108: Georgia | E108: =VLOOKUP(D108,all_countries!D:E,2,0) -> 🇬🇪 | F108: =VLOOKUP(D108,Сountries!V:Z,2,0) -> Asia | G108: 30777833585 | H108: =G108/1000000000 -> 30.777834 | I108: 30.778 billion | J108: 0.0783 | K108: 3807492 | L108: 8083 | M108: 0.00029
A109: 108 | B109: Oceania | C109: 🇵🇬 | D109: Papua New Guinea | E109: =VLOOKUP(D109,all_countries!D:E,2,0) -> 🇵🇬 | F109: =VLOOKUP(D109,Сountries!V:Z,2,0) -> Oceania | G109: 30729242919 | H109: =G109/1000000000 -> 30.729243 | I109: 30.729 billion | J109: 0.0304 | K109: 10389635 | L109: 2958 | M109: 0.00029
A110: 109 | B110: Africa | C110: 🇿🇲 | D110: Zambia | E110: =VLOOKUP(D110,all_countries!D:E,2,0) -> 🇿🇲 | F110: =VLOOKUP(D110,Сountries!V:Z,2,0) -> Africa | G110: 27577956471 | H110: =G110/1000000000 -> 27.577956 | I110: 27.578 billion | J110: 0.0537 | K110: 20723965 | L110: 1331 | M110: 0.00026
A111: 110 | B111: Europe | C111: 🇧🇦 | D111: Bosnia and Herzegovina | E111: =VLOOKUP(D111,all_countries!D:E,2,0) -> 🇧🇦 | F111: =VLOOKUP(D111,Сountries!V:Z,2,0) -> Europe | G111: 27514782476 | H111: =G111/1000000000 -> 27.514782 | I111: 27.515 billion | J111: 0.0221 | K111: 3185073 | L111: 8639 | M111: 0.00026
A112: 111 | B112: Oceania | C112: 🇹🇹 | D112: Trinidad and Tobago | E112: =VLOOKUP(D112,all_countries!D:E,2,0) -> 🇹🇹 | F112: =VLOOKUP(D112,Сountries!V:Z,2,0) -> Oceania | G112: 27372285698 | H112: =G112/1000000000 -> 27.372286 | I112: 27.372 billion | J112: 0.0135 | K112: 1502932 | L112: 18213 | M112: 0.00026
... A120: 119 | B120: Africa | C120: 🇧🇫 | D120: Burkina Faso | E120: =VLOOKUP(D120,all_countries!D:E,2,0) -> 🇧🇫 | F120: =VLOOKUP(D120,Сountries!V:Z,2,0) -> Africa | G120: 20324617845 | H120: =G120/1000000000 -> 20.324618 | I120: 20.325 billion | J120: 0.0296 | K120: 23025776 | L120: 883 | M120: 0.00019
A121: 120 | B121: Oceania | C121: 🇭🇹 | D121: Haiti | E121: =VLOOKUP(D121,all_countries!D:E,2,0) -> 🇭🇹 | F121: =VLOOKUP(D121,Сountries!V:Z,2,0) -> Oceania | G121: 19850829758 | H121: =G121/1000000000 -> 19.85083 | I121: 19.851 billion | J121: −1.86% | K121: 11637398 | L121: 1706 | M121: 0.00019
...

Sheet GDPPerCapita
A1: # | B1: region | C1: flags | D1: country | E1: Flags | F1: region | G1: GDP (PPP) per capita 2023 | H1: GDP (nominal) per capita 2023 | I1: vs World PPP GDP per capita $22,837
A2: 1 | B2: Asia | C2: 🇸🇬 | D2: Singapore | E2: =VLOOKUP(D2,all_countries!D:E,2,0) -> 🇸🇬 | F2: =VLOOKUP(D2,Сountries!V:Z,2,0) -> Asia | G2: 141553 | H2: 86616 | I2: 6.2
A3: 2 | B3: Europe | C3: 🇱🇺 | D3: Luxembourg | E3: =VLOOKUP(D3,all_countries!D:E,2,0) -> 🇱🇺 | F3: =VLOOKUP(D3,Сountries!V:Z,2,0) -> Europe | G3: 139106 | H3: 128936 | I3: 6.09
A4: 3 | B4: Asia | C4: 🇶🇦 | D4: Qatar | E4: =VLOOKUP(D4,all_countries!D:E,2,0) -> 🇶🇦 | F4: =VLOOKUP(D4,Сountries!V:Z,2,0) -> Asia | G4: 128919 | H4: 71500 | I4: 5.65
A5: 4 | B5: Europe | C5: 🇮🇪 | D5: Ireland | E5: =VLOOKUP(D5,all_countries!D:E,2,0) -> 🇮🇪 | F5: =VLOOKUP(D5,Сountries!V:Z,2,0) -> Europe | G5: 124578 | H5: 106106 | I5: 5.46
A6: 5 | B6: Asia | C6: 🇲🇴 | D6: Macao | E6: =VLOOKUP(D6,all_countries!D:E,2,0) -> 🇲🇴 | F6: =VLOOKUP(D6,Сountries!V:Z,2,0) -> Asia | G6: 116491 | H6: 64158 | I6: 5.1
A7: 6 | B7: Europe | C7: 🇳🇴 | D7: Norway | E7: =VLOOKUP(D7,all_countries!D:E,2,0) -> 🇳🇴 | F7: =VLOOKUP(D7,Сountries!V:Z,2,0) -> Europe | G7: 100668 | H7: 87932 | I7: 4.41
A8: 7 | B8: Europe | C8: 🇨🇭 | D8: Switzerland | E8: =VLOOKUP(D8,all_countries!D:E,2,0) -> 🇨🇭 | F8: =VLOOKUP(D8,Сountries!V:Z,2,0) -> Europe | G8: 89315 | H8: 99761 | I8: 3.91
A9: 8 | B9: Oceania | C9: 🇧🇳 | D9: Brunei | E9: =VLOOKUP(D9,all_countries!D:E,2,0) -> 🇧🇳 | F9: =VLOOKUP(D9,Сountries!V:Z,2,0) -> Oceania | G9: 85268 | H9: 32963 | I9: 3.73
A10: 9 | B10: America | C10: 🇺🇸 | D10: United States | E10: =VLOOKUP(D10,all_countries!D:E,2,0) -> 🇺🇸 | F10: =VLOOKUP(D10,Сountries!V:Z,2,0) -> America | G10: 82769 | H10: 80706 | I10: 3.62
A11: 10 | B11: Europe | C11: 🇳🇱 | D11: Netherlands | E11: =VLOOKUP(D11,all_countries!D:E,2,0) -> 🇳🇱 | F11: =VLOOKUP(D11,Сountries!V:Z,2,0) -> Europe | G11: 78103 | H11: 63803 | I11: 3.42
A12: 11 | B12: Europe | C12: 🇮🇸 | D12: Iceland | E12: =VLOOKUP(D12,all_countries!D:E,2,0) -> 🇮🇸 | F12: =VLOOKUP(D12,Сountries!V:Z,2,0) -> Europe | G12: 76159 | H12: 80827 | I12: 3.33
A13: 12 | B13: Asia | C13: 🇦🇪 | D13: United Arab Emirates | E13: =VLOOKUP(D13,all_countries!D:E,2,0) -> 🇦🇪 | F13: =VLOOKUP(D13,Сountries!V:Z,2,0) -> Asia | G13: 76110 | H13: 48311 | I13: 3.33
... A182: 181 | B182: Africa | C182: 🇧🇮 | D182: Burundi | E182: =VLOOKUP(D182,all_countries!D:E,2,0) -> 🇧🇮 | F182: =VLOOKUP(D182,Сountries!V:Z,2,0) -> Africa | G182: 920 | H182: 193 | I182: 0.04

Sheet BirthsPerDay
A1: # | B1: Region detail | C1: Region | D1: Flags | E1: Country | F1: Number of Births Per Day
A2: 1 | B2: Southern Asia | C2: Asia | D2: 🇮🇳 | E2: India | F2: 63171
A3: 2 | B3: Eastern Asia | C3: Asia | D3: 🇨🇳 | E3: China | F3: 23845
A4: 3 | B4: Western Africa | C4: Africa | D4: 🇳🇬 | E4: Nigeria | F4: 20919
A5: 4 | B5: Southern Asia | C5: Asia | D5: 🇵🇰 | E5: Pakistan | F5: 18917
A6: 5 | B6: Middle Africa | C6: Africa | D6: 🇨🇩 | E6: DR Congo | F6: 12484
A7: 6 | B7: South-Eastern Asia | C7: Asia | D7: 🇮🇩 | E7: Indonesia | F7: 12158
A8: 7 | B8: Eastern Africa | C8: Africa | D8: 🇪🇹 | E8: Ethiopia | F8: 11435
A9: 8 | B9: Northern America | C9: Northern America | D9: 🇺🇸 | E9: United States | F9: 10031
A10: 9 | B10: Southern Asia | C10: Asia | D10: 🇧🇩 | E10: Bangladesh | F10: 9422
A11: 10 | B11: South America | C11: South America | D11: 🇧🇷 | E11: Brazil | F11: 6923
A12: 11 | B12: Northern Africa | C12: Africa | D12: 🇪🇬 | E12: Egypt | F12: 6708
A13: 12 | B13: Eastern Africa | C13: Africa | D13: 🇹🇿 | E13: Tanzania | F13: 6624
... A101: 100 | B101: Central America | C101: South America | D101: 🇳🇮 | E101: Nicaragua | F101: 362

Sheet GPI-162
A1: # | B1: Region | C1: Flag | D1: Country | E1: GPI 2024 | H1: Region | I1: Flag
A2: 1 | B2: Europe | C2: 🇮🇸 | D2: Iceland | E2: 1.112 | H2: =VLOOKUP(D2,Сountries!V:Z,2,0) -> Europe | I2: =VLOOKUP(D2,Сountries!V:Z,5,0) -> 🇮🇸
A3: 2 | B3: Europe | C3: 🇦🇹 | D3: Austria | E3: 1.124 | H3: =VLOOKUP(D3,Сountries!V:Z,2,0) -> Europe | I3: =VLOOKUP(D3,Сountries!V:Z,5,0) -> 🇦🇹
A4: 3 | B4: Europe | C4: 🇮🇪 | D4: Ireland | E4: 1.124 | H4: =VLOOKUP(D4,Сountries!V:Z,2,0) -> Europe | I4: =VLOOKUP(D4,Сountries!V:Z,5,0) -> 🇮🇪
A5: 4 | B5: Australia and New Zealand | C5: 🇳🇿 | D5: New Zealand | E5: 1.323 | H5: =VLOOKUP(D5,Сountries!V:Z,2,0) -> Australia and New Zealand | I5: =VLOOKUP(D5,Сountries!V:Z,5,0) -> 🇳🇿
A6: 5 | B6: Asia | C6: 🇸🇬 | D6: Singapore | E6: 1.339 | H6: =VLOOKUP(D6,Сountries!V:Z,2,0) -> Asia | I6: =VLOOKUP(D6,Сountries!V:Z,5,0) -> 🇸🇬
A7: 6 | B7: Europe | C7: 🇨🇭 | D7: Switzerland | E7: 1.35 | H7: =VLOOKUP(D7,Сountries!V:Z,2,0) -> Europe | I7: =VLOOKUP(D7,Сountries!V:Z,5,0) -> 🇨🇭
A8: 7 | B8: Europe | C8: 🇵🇹 | D8: Portugal | E8: 1.372 | H8: =VLOOKUP(D8,Сountries!V:Z,2,0) -> Europe | I8: =VLOOKUP(D8,Сountries!V:Z,5,0) -> 🇵🇹
A9: 8 | B9: Europe | C9: 🇩🇰 | D9: Denmark | E9: 1.382 | H9: =VLOOKUP(D9,Сountries!V:Z,2,0) -> Europe | I9: =VLOOKUP(D9,Сountries!V:Z,5,0) -> 🇩🇰
A10: 9 | B10: Europe | C10: 🇸🇮 | D10: Slovenia | E10: 1.395 | H10: =VLOOKUP(D10,Сountries!V:Z,2,0) -> Europe | I10: =VLOOKUP(D10,Сountries!V:Z,5,0) -> 🇸🇮
A11: 10 | B11: Asia | C11: 🇲🇾 | D11: Malaysia | E11: 1.427 | H11: =VLOOKUP(D11,Сountries!V:Z,2,0) -> Asia | I11: =VLOOKUP(D11,Сountries!V:Z,5,0) -> 🇲🇾
A12: 11 | B12: America | C12: 🇨🇦 | D12: Canada | E12: 1.449 | H12: =VLOOKUP(D12,Сountries!V:Z,2,0) -> America | I12: =VLOOKUP(D12,Сountries!V:Z,5,0) -> 🇨🇦
A13: 12 | B13: Europe | C13: 🇨🇿 | D13: Czech Republic | E13: 1.459 | H13: =VLOOKUP(D13,Сountries!V:Z,2,0) -> Europe | I13: =VLOOKUP(D13,Сountries!V:Z,5,0) -> 🇨🇿
... A163: 162 | B163: Asia | C163: 🇾🇪 | D163: Yemen | E163: 3.397 | H163: =VLOOKUP(D163,Сountries!V:Z,2,0) -> Asia | I163: =VLOOKUP(D163,Сountries!V:Z,5,0) -> 🇾🇪
